NR;Geschlecht;Alter;Nielsen;Bundesland;Arbeitsstatus;Kinder im Haushalt (<18);Haushaltsgröße;Haushaltseinkommen;Familienstand;Berufs- / Akademische Bildung;Schulbildung;Stadt;Urban (>100k Einw.);PLZ;Land;Platform;Beantwortungsdauer in Sek.;Beantwortungszeit;1. Im Folgenden siehst du einige Begriffe. Bitte wähle die korrekte Antwort. Norden, Osten, Süden. Welche Himmelsrichtung fehlt noch? Achtung: Kontrollfrage!;2. Wir zeigen Dir im Folgenden immer drei Schokoladenangebote, die sich auf vier Faktoren unterscheiden: Sorte, Füllung, Preis, und Größe. Bitte entscheide Dich jedes Mal, welches Produkt Du kaufen würdest.;3. Welches dieser Produkte würdest du kaufen?;4. Welches dieser Produkte würdest du kaufen?;5. Welches dieser Produkte würdest du kaufen?;6. Welches dieser Produkte würdest du kaufen?;7. Welches dieser Produkte würdest du kaufen?;8. Welches dieser Produkte würdest du kaufen?;9. Welches dieser Produkte würdest du kaufen?;10. Welches dieser Produkte würdest du kaufen?;11. Welches dieser Produkte würdest du kaufen?;12. Welches dieser Produkte würdest du kaufen?;13. Welches dieser Produkte würdest du kaufen?;14. Welches dieser Produkte würdest du kaufen?;15. Welches dieser Produkte würdest du kaufen?;16. Welches dieser Produkte würdest du kaufen?;17. Welches dieser Produkte würdest du kaufen?;18. Welches dieser Produkte würdest du kaufen?;19. Welches dieser Produkte würdest du kaufen?;20. Welches dieser Produkte würdest du kaufen?;21. Welches dieser Produkte würdest du kaufen?;22. Welches dieser Produkte würdest du kaufen?;23. Welches dieser Produkte würdest du kaufen?;24. Welches dieser Produkte würdest du kaufen?;25. Welches dieser Produkte würdest du kaufen?;26. Welches dieser Produkte würdest du kaufen?;27. Welches dieser Produkte würdest du kaufen?;28. Welches dieser Produkte würdest du kaufen?;29. Welches dieser Produkte würdest du kaufen?;30. Welches dieser Produkte würdest du kaufen?
1;m;48;;;;;;;;;;;-;1589;DEU;;-;-;-;-;1C;2B;3C;4A;5C;6C;7C;8C;9C;10A;11A;12B;13B;13C;14B;-;-;-;-;-;-;-;-;-;-;-;-;-
2;m;58;4;Bayern;;;;;;;;Landshut;-;84030;DEU;;-;-;-;-;none;none;none;none;none;none;none;none;none;none;none;none;none;none;none;-;-;-;-;-;-;-;-;-;-;-;-;-
3;m;61;1;Niedersachsen;;;;;;;;Oldenburg (Oldenburg);-;26123;DEU;;-;-;-;-;1B;2A;3C;4B;none;6C;none;none;9A;10A;11A;12B;13B;13B;14C;-;-;-;-;-;-;-;-;-;-;-;-;-
4;m;63;;;;;;;;;;;-;1589;DEU;;-;-;-;-;1B;2A;3C;4B;none;none;none;none;9A;none;11A;12B;none;none;14C;-;-;-;-;-;-;-;-;-;-;-;-;-
5;m;69;2;Nordrhein-Westfalen;;;;;;;;Moenchengladbach;x;41236;DEU;;-;-;-;-;1A;2C;3A;4C;5C;6A;7A;8A;9C;10C;11C;12C;13A;13A;14B;-;-;-;-;-;-;-;-;-;-;-;-;-
6;m;45;5;Berlin;;;;;;;;Berlin;x;12555;DEU;;-;-;-;-;1C;2A;3C;4B;5A;6C;7B;8A;9C;10A;11A;12B;13A;13B;14C;-;-;-;-;-;-;-;-;-;-;-;-;-
7;m;66;4;Bayern;;;;;;;;Landshut;-;84030;DEU;;-;-;-;-;none;2C;3B;4C;none;6A;7A;8A;none;none;11A;12C;none;none;14A;-;-;-;-;-;-;-;-;-;-;-;-;-
8;m;28;6;Mecklenburg-Vorpommern;;;;;;;;Greifswald;-;17491;DEU;;-;-;-;-;1B;none;3C;4B;none;none;none;none;9A;none;none;12A;13B;13B;14C;-;-;-;-;-;-;-;-;-;-;-;-;-
9;m;59;4;Bayern;;;;;;;;Landshut;-;84030;DEU;;-;-;-;-;none;2A;3A;4A;5B;6B;7C;8C;9C;10C;11C;12A;13A;13A;14B;-;-;-;-;-;-;-;-;-;-;-;-;-
10;m;47;1;Niedersachsen;;;;;;;;Oldenburg (Oldenburg);-;26123;DEU;;-;-;-;-;1C;2A;3A;4C;5A;6A;7A;8A;9C;10C;11C;12A;13A;13A;14B;-;-;-;-;-;-;-;-;-;-;-;-;-
11;m;57;4;Bayern;;;;;;;;Landshut;-;84030;DEU;;-;-;-;-;1B;2B;3C;4B;none;6C;none;none;9A;10A;none;12B;13B;13B;14C;-;-;-;-;-;-;-;-;-;-;-;-;-
12;m;51;2;Nordrhein-Westfalen;;;;;;;;Moenchengladbach;x;41236;DEU;;-;-;-;-;none;2A;3C;4B;none;6B;7B;8B;none;10B;11C;12A;13B;13B;14A;-;-;-;-;-;-;-;-;-;-;-;-;-
13;f;60;1;Hamburg;;;;;;;;Hamburg;x;21077;DEU;;-;-;-;-;1C;none;3B;none;5A;6C;7B;8A;none;10B;11C;12A;13C;13C;14A;-;-;-;-;-;-;-;-;-;-;-;-;-
14;m;57;1;Schleswig-Holstein;;;;;;;;Worth;-;21502;DEU;;-;-;-;-;1B;2C;3C;4B;5A;6C;7C;8A;9A;10A;11A;12B;13A;13A;14C;-;-;-;-;-;-;-;-;-;-;-;-;-
15;m;54;1;Niedersachsen;;;;;;;;Oldenburg (Oldenburg);-;26123;DEU;;-;-;-;-;1C;2A;3A;4B;5C;6A;7A;8C;9C;10B;11A;12A;13B;13B;14C;-;-;-;-;-;-;-;-;-;-;-;-;-
16;m;58;2;Nordrhein-Westfalen;;;;;;;;Moenchengladbach;x;41236;DEU;;-;-;-;-;1C;2B;3A;4A;5C;6C;7A;8B;9B;10A;11C;12A;13C;13C;14A;-;-;-;-;-;-;-;-;-;-;-;-;-
17;m;46;7;Thueringen;;;;;;;;Dornheim;-;99310;DEU;;-;-;-;-;1B;2A;3C;4B;5A;6B;7C;8C;9A;10B;11C;12A;13B;13B;14C;-;-;-;-;-;-;-;-;-;-;-;-;-
18;f;54;2;Nordrhein-Westfalen;;;;;;;;Moenchengladbach;x;41236;DEU;;-;-;-;-;1C;2A;3C;4B;5A;6C;7B;8B;9C;10A;11A;12B;13B;13B;14C;-;-;-;-;-;-;-;-;-;-;-;-;-
19;m;54;3a;Rheinland-Pfalz;;;;;;;;Worms;-;67549;DEU;;-;-;-;-;1C;2B;3C;4B;5A;6C;7A;none;9C;10A;11A;12B;13B;13B;14C;-;-;-;-;-;-;-;-;-;-;-;-;-
20;f;59;3a;Rheinland-Pfalz;;;;;;;;Worms;-;67549;DEU;;-;-;-;-;1B;2A;3A;4C;5B;6A;7A;8B;9B;10A;11A;12A;13B;13A;14B;-;-;-;-;-;-;-;-;-;-;-;-;-
21;f;38;6;Brandenburg;;;;;;;;Luebben (Spreewald);-;15907;DEU;;-;-;-;-;1B;none;3C;4B;none;6B;7C;8C;9A;10B;11C;12A;13B;13B;14C;-;-;-;-;-;-;-;-;-;-;-;-;-
22;m;59;3a;Rheinland-Pfalz;;;;;;;;Worms;-;67549;DEU;;-;-;-;-;1C;2B;3A;4B;5C;6B;7C;8C;9C;10B;11C;12A;13B;13B;14B;-;-;-;-;-;-;-;-;-;-;-;-;-
23;m;51;5;Berlin;;;;;;;;Berlin;x;12555;DEU;;-;-;-;-;1C;2B;3A;4A;5C;6C;7C;8C;9C;10A;11C;12B;13B;13B;14B;-;-;-;-;-;-;-;-;-;-;-;-;-
24;m;49;2;Nordrhein-Westfalen;;;;;;;;Moenchengladbach;x;41236;DEU;;-;-;-;-;1C;2B;3A;4C;5C;6A;7A;8A;9C;10C;11A;12B;13A;13A;14B;-;-;-;-;-;-;-;-;-;-;-;-;-
25;m;57;3a;Hessen;;;;;;;;Darmstadt;x;64285;DEU;;-;-;-;-;1A;2A;3A;4B;5B;6B;none;8C;9C;10C;11A;12A;13A;13A;14B;-;-;-;-;-;-;-;-;-;-;-;-;-
26;m;30;5;Berlin;;;;;;;;Berlin;x;12555;DEU;;-;-;-;-;none;none;none;none;none;none;none;none;none;10B;none;none;none;none;14B;-;-;-;-;-;-;-;-;-;-;-;-;-
27;f;48;4;Bayern;;;;;;;;Landshut;-;84030;DEU;;-;-;-;-;1C;2C;3A;4C;5C;6A;7A;8C;9B;10C;11A;12C;13A;13A;14C;-;-;-;-;-;-;-;-;-;-;-;-;-
28;m;28;1;Bremen;;;;;;;;Bremen;x;28755;DEU;;-;-;-;-;1B;2B;3C;4B;5C;6C;7B;8C;9A;10A;11A;12B;13B;13B;14C;-;-;-;-;-;-;-;-;-;-;-;-;-
29;m;34;;;;;;;;;;;-;6800;DEU;;-;-;-;-;1C;2A;3A;4B;5A;6C;none;8C;9C;10B;11A;12A;13B;13B;14C;-;-;-;-;-;-;-;-;-;-;-;-;-
30;m;27;5;Berlin;;;;;;;;Berlin;x;12555;DEU;;-;-;-;-;1C;2B;3A;4A;5C;6C;7C;8C;9A;10A;11C;12A;13B;13B;14C;-;-;-;-;-;-;-;-;-;-;-;-;-
31;m;31;1;Niedersachsen;;;;;;;;Oldenburg (Oldenburg);-;26123;DEU;;-;-;-;-;1C;2B;3C;4B;5A;6C;none;none;9C;10A;none;12B;13B;13B;14C;-;-;-;-;-;-;-;-;-;-;-;-;-
32;f;50;2;Nordrhein-Westfalen;;;;;;;;Moenchengladbach;x;41236;DEU;;-;-;-;-;1C;2B;3A;4B;5A;6C;none;none;9C;10A;none;12B;13B;13B;14B;-;-;-;-;-;-;-;-;-;-;-;-;-
33;m;29;1;Schleswig-Holstein;;;;;;;;Worth;-;21502;DEU;;-;-;-;-;1C;2B;3C;4B;5A;6C;none;none;9C;10A;11A;12B;13B;13B;14C;-;-;-;-;-;-;-;-;-;-;-;-;-
34;m;33;3b;Baden-Wuerttemberg;;;;;;;;Kisslegg;-;88353;DEU;;-;-;-;-;1C;2A;3C;4B;none;6C;none;8B;9C;10A;11A;12B;13B;13C;14A;-;-;-;-;-;-;-;-;-;-;-;-;-
35;m;48;;;;;;;;;;;-;1589;DEU;;-;-;-;-;1C;2A;3A;4A;5A;6B;7C;8C;9C;10C;11C;12A;13A;13A;14B;-;-;-;-;-;-;-;-;-;-;-;-;-
36;m;32;2;Nordrhein-Westfalen;;;;;;;;Moenchengladbach;x;41236;DEU;;-;-;-;-;1C;2B;none;4A;5C;none;7C;8C;none;10B;11C;12A;13A;none;none;-;-;-;-;-;-;-;-;-;-;-;-;-
37;f;45;2;Nordrhein-Westfalen;;;;;;;;Moenchengladbach;x;41236;DEU;;-;-;-;-;none;none;none;4B;5A;none;none;none;none;none;none;none;13B;none;14C;-;-;-;-;-;-;-;-;-;-;-;-;-
38;f;44;1;Niedersachsen;;;;;;;;Oldenburg (Oldenburg);-;26123;DEU;;-;-;-;-;1C;2A;none;none;5A;none;none;none;9C;none;11A;none;none;none;none;-;-;-;-;-;-;-;-;-;-;-;-;-
39;f;50;3a;Hessen;;;;;;;;Darmstadt;x;64285;DEU;;-;-;-;-;1B;2C;3C;4B;5A;6B;7C;8C;9A;10B;11C;12A;13B;13B;14C;-;-;-;-;-;-;-;-;-;-;-;-;-
40;m;49;1;Schleswig-Holstein;;;;;;;;Worth;-;21502;DEU;;-;-;-;-;1C;2A;none;none;none;6C;none;none;none;none;11A;none;none;none;none;-;-;-;-;-;-;-;-;-;-;-;-;-
41;f;42;5;Berlin;;;;;;;;Berlin;x;12555;DEU;;-;-;-;-;1A;2B;3C;4B;5A;6A;7C;8A;9A;10A;11A;12B;13B;13B;14C;-;-;-;-;-;-;-;-;-;-;-;-;-
42;m;51;;;;;;;;;;;-;1589;DEU;;-;-;-;-;1C;2A;3A;4A;5C;6C;7B;none;9C;10A;11A;12B;13C;none;14A;-;-;-;-;-;-;-;-;-;-;-;-;-
43;m;28;3b;Baden-Wuerttemberg;;;;;;;;Kisslegg;-;88353;DEU;;-;-;-;-;1C;2A;none;none;none;6C;none;none;9C;none;11A;none;none;none;14A;-;-;-;-;-;-;-;-;-;-;-;-;-
44;m;56;4;Bayern;;;;;;;;Landshut;-;84030;DEU;;-;-;-;-;1A;2B;none;4B;5A;6C;none;none;none;10A;11A;12B;13B;13B;14C;-;-;-;-;-;-;-;-;-;-;-;-;-
45;m;29;4;Bayern;;;;;;;;Landshut;-;84030;DEU;;-;-;-;-;1A;2A;3C;4B;5A;6C;none;none;9C;10A;11A;12B;13B;13B;14C;-;-;-;-;-;-;-;-;-;-;-;-;-
46;m;30;1;Bremen;;;;;;;;Bremen;x;28755;DEU;;-;-;-;-;1B;2B;3C;none;5A;6C;7A;8A;9C;none;11A;12B;13B;13B;14C;-;-;-;-;-;-;-;-;-;-;-;-;-
47;f;42;2;Nordrhein-Westfalen;;;;;;;;Moenchengladbach;x;41236;DEU;;-;-;-;-;1B;none;3C;4B;5A;none;none;none;9A;none;11A;none;13B;13B;14C;-;-;-;-;-;-;-;-;-;-;-;-;-
48;m;28;4;Bayern;;;;;;;;Landshut;-;84030;DEU;;-;-;-;-;none;2B;none;none;none;6C;none;none;9C;10A;11A;12B;none;none;none;-;-;-;-;-;-;-;-;-;-;-;-;-
49;f;38;3a;Hessen;;;;;;;;Darmstadt;x;64285;DEU;;-;-;-;-;1C;2B;3A;none;none;6C;none;none;none;none;none;none;13B;13B;14B;-;-;-;-;-;-;-;-;-;-;-;-;-
50;m;51;2;Nordrhein-Westfalen;;;;;;;;Moenchengladbach;x;41236;DEU;;-;-;-;-;1C;2B;3C;4B;5A;6C;7C;8C;9C;10A;11C;12B;13B;13B;14C;-;-;-;-;-;-;-;-;-;-;-;-;-
51;m;51;2;Nordrhein-Westfalen;;;;;;;;Moenchengladbach;x;41236;DEU;;-;-;-;-;none;2A;none;4B;none;none;none;8C;none;10B;11C;none;13B;13B;14C;-;-;-;-;-;-;-;-;-;-;-;-;-
52;f;48;2;Nordrhein-Westfalen;;;;;;;;Moenchengladbach;x;41236;DEU;;-;-;-;-;1B;2B;3C;4B;none;6C;7B;8B;9A;10A;11B;12B;13C;13C;14C;-;-;-;-;-;-;-;-;-;-;-;-;-
53;m;40;6;Mecklenburg-Vorpommern;;;;;;;;Greifswald;-;17491;DEU;;-;-;-;-;1A;2A;3B;4B;5B;6A;7A;8A;9C;10C;11C;12C;13A;13A;14B;-;-;-;-;-;-;-;-;-;-;-;-;-
54;m;41;4;Bayern;;;;;;;;Landshut;-;84030;DEU;;-;-;-;-;1C;2B;3C;4B;5A;6C;7C;8C;9C;10A;11A;12B;13B;13B;14C;-;-;-;-;-;-;-;-;-;-;-;-;-
55;m;39;3b;Baden-Wuerttemberg;;;;;;;;Kisslegg;-;88353;DEU;;-;-;-;-;none;2B;3A;4A;5C;6B;7C;8C;none;10B;11C;12A;13C;13A;14B;-;-;-;-;-;-;-;-;-;-;-;-;-
56;f;46;4;Bayern;;;;;;;;Landshut;-;84030;DEU;;-;-;-;-;1A;2C;none;4B;none;6C;none;none;9C;10A;11A;12B;none;none;none;-;-;-;-;-;-;-;-;-;-;-;-;-
57;m;45;3b;Baden-Wuerttemberg;;;;;;;;Kisslegg;-;88353;DEU;;-;-;-;-;1B;2B;3C;4B;5A;6B;7C;8B;9A;10B;11C;12A;13B;13B;14C;-;-;-;-;-;-;-;-;-;-;-;-;-
58;m;32;4;Bayern;;;;;;;;Landshut;-;84030;DEU;;-;-;-;-;none;none;none;4A;5C;6B;7C;8C;none;10B;11C;12A;13B;13B;14A;-;-;-;-;-;-;-;-;-;-;-;-;-
59;f;39;;;;;;;;;;;-;1589;DEU;;-;-;-;-;none;none;none;none;none;none;none;none;none;none;none;none;none;none;none;-;-;-;-;-;-;-;-;-;-;-;-;-
60;m;36;1;Niedersachsen;;;;;;;;Oldenburg (Oldenburg);-;26123;DEU;;-;-;-;-;1C;2B;none;4C;none;none;none;8A;none;10A;none;none;none;none;none;-;-;-;-;-;-;-;-;-;-;-;-;-
61;f;35;1;Hamburg;;;;;;;;Hamburg;x;21077;DEU;;-;-;-;-;1C;none;3A;4B;5A;none;none;none;9C;10C;11A;none;13A;13A;14B;-;-;-;-;-;-;-;-;-;-;-;-;-
62;f;64;1;Hamburg;;;;;;;;Hamburg;x;21077;DEU;;-;-;-;-;1A;2A;3A;4A;5C;6C;7C;8C;9C;10A;11A;12B;13A;13A;14B;-;-;-;-;-;-;-;-;-;-;-;-;-
63;f;64;1;Niedersachsen;;;;;;;;Oldenburg (Oldenburg);-;26123;DEU;;-;-;-;-;1B;2A;3C;4B;none;6C;7C;8C;9A;10A;11A;12A;13B;13B;14C;-;-;-;-;-;-;-;-;-;-;-;-;-
64;m;28;3b;Baden-Wuerttemberg;;;;;;;;Kisslegg;-;88353;DEU;;-;-;-;-;none;none;3A;4A;5C;6B;7C;8C;none;10B;11C;12A;13A;13A;14B;-;-;-;-;-;-;-;-;-;-;-;-;-
65;m;51;5;Berlin;;;;;;;;Berlin;x;12555;DEU;;-;-;-;-;1C;2B;3B;4A;5C;6C;7C;8A;9C;10A;11C;12B;13B;13A;14B;-;-;-;-;-;-;-;-;-;-;-;-;-
66;m;39;2;Nordrhein-Westfalen;;;;;;;;Moenchengladbach;x;41236;DEU;;-;-;-;-;1B;2B;3A;4B;5A;6B;7C;8C;9A;10C;11C;12A;13A;13A;14B;-;-;-;-;-;-;-;-;-;-;-;-;-
67;f;57;3a;Hessen;;;;;;;;Darmstadt;x;64285;DEU;;-;-;-;-;none;2C;none;none;none;6C;none;none;none;10A;11A;12B;none;none;none;-;-;-;-;-;-;-;-;-;-;-;-;-
68;m;28;5;Berlin;;;;;;;;Berlin;x;12555;DEU;;-;-;-;-;1C;2B;3A;4A;5C;6B;7C;8C;9B;10B;11C;12C;13B;13B;14B;-;-;-;-;-;-;-;-;-;-;-;-;-
69;m;35;;;;;;;;;;;-;6800;DEU;;-;-;-;-;1C;2C;none;none;none;none;none;none;none;none;11A;none;none;none;none;-;-;-;-;-;-;-;-;-;-;-;-;-
70;f;36;1;Niedersachsen;;;;;;;;Oldenburg (Oldenburg);-;26123;DEU;;-;-;-;-;1A;2A;3C;4B;5A;6C;7C;8C;9A;10A;11A;12B;13B;13B;14C;-;-;-;-;-;-;-;-;-;-;-;-;-
71;m;30;;;;;;;;;;;-;6800;DEU;;-;-;-;-;1A;2A;3C;4A;5A;6C;7C;8C;9A;10A;11A;12B;13A;13A;14B;-;-;-;-;-;-;-;-;-;-;-;-;-
72;m;35;;;;;;;;;;;-;1589;DEU;;-;-;-;-;1C;2A;none;4B;5A;6C;none;none;9C;none;11A;12B;13B;13B;14C;-;-;-;-;-;-;-;-;-;-;-;-;-
73;m;36;2;Nordrhein-Westfalen;;;;;;;;Moenchengladbach;x;41236;DEU;;-;-;-;-;1B;2C;3B;4A;5B;6A;7A;8C;9C;10C;11C;12A;13A;13C;14B;-;-;-;-;-;-;-;-;-;-;-;-;-
74;f;37;3a;Rheinland-Pfalz;;;;;;;;Worms;-;67549;DEU;;-;-;-;-;1A;2A;3C;4B;5A;6C;7C;8C;9C;10B;11A;12B;13B;13B;14C;-;-;-;-;-;-;-;-;-;-;-;-;-
75;m;38;1;Niedersachsen;;;;;;;;Oldenburg (Oldenburg);-;26123;DEU;;-;-;-;-;1A;2C;3A;4B;5A;6C;7A;8A;9A;10A;11A;12B;13B;13C;14A;-;-;-;-;-;-;-;-;-;-;-;-;-
76;m;55;2;Nordrhein-Westfalen;;;;;;;;Moenchengladbach;x;41236;DEU;;-;-;-;-;none;2A;none;none;5C;none;none;8C;none;10B;11C;12A;13B;none;14C;-;-;-;-;-;-;-;-;-;-;-;-;-
77;f;37;4;Bayern;;;;;;;;Landshut;-;84030;DEU;;-;-;-;-;1B;2B;3C;4B;5A;6C;none;none;9A;10A;11A;12B;13B;13B;14C;-;-;-;-;-;-;-;-;-;-;-;-;-
78;f;42;2;Nordrhein-Westfalen;;;;;;;;Moenchengladbach;x;41236;DEU;;-;-;-;-;1C;2B;3A;4A;5C;6C;7C;8C;9A;10A;11A;12B;13B;13B;14C;-;-;-;-;-;-;-;-;-;-;-;-;-
79;f;45;2;Nordrhein-Westfalen;;;;;;;;Moenchengladbach;x;41236;DEU;;-;-;-;-;1B;2B;3C;4B;5A;6C;7A;8B;9A;10A;11B;12B;13B;13B;14C;-;-;-;-;-;-;-;-;-;-;-;-;-
80;m;42;4;Bayern;;;;;;;;Landshut;-;84030;DEU;;-;-;-;-;1B;2A;3C;4B;5A;6C;none;none;9A;none;11A;12B;13B;13B;14C;-;-;-;-;-;-;-;-;-;-;-;-;-
81;m;43;4;Bayern;;;;;;;;Landshut;-;84030;DEU;;-;-;-;-;1B;2A;3C;4B;5A;6C;none;none;9A;10A;11A;12B;13B;13B;14C;-;-;-;-;-;-;-;-;-;-;-;-;-
82;f;39;5;Berlin;;;;;;;;Berlin;x;12555;DEU;;-;-;-;-;1B;2A;3C;4B;none;6C;7C;8C;9A;10A;11A;12B;13B;13B;14C;-;-;-;-;-;-;-;-;-;-;-;-;-
83;m;44;5;Berlin;;;;;;;;Berlin;x;12555;DEU;;-;-;-;-;1A;2B;3A;4A;5C;6B;7C;8C;9A;10C;11B;12B;13C;13A;14A;-;-;-;-;-;-;-;-;-;-;-;-;-
84;f;35;2;Nordrhein-Westfalen;;;;;;;;Moenchengladbach;x;41236;DEU;;-;-;-;-;1A;2C;3C;4B;5A;6C;none;none;9C;10A;11A;12B;none;13B;14C;-;-;-;-;-;-;-;-;-;-;-;-;-
85;m;41;3a;Saarland;;;;;;;;Beckingen;-;66701;DEU;;-;-;-;-;none;none;3C;none;5A;none;none;none;9C;10A;none;none;none;none;14C;-;-;-;-;-;-;-;-;-;-;-;-;-
86;m;42;2;Nordrhein-Westfalen;;;;;;;;Moenchengladbach;x;41236;DEU;;-;-;-;-;1C;2B;3A;4A;5C;6C;7C;8B;9B;10A;11C;12B;13C;13C;14A;-;-;-;-;-;-;-;-;-;-;-;-;-
87;f;41;2;Nordrhein-Westfalen;;;;;;;;Moenchengladbach;x;41236;DEU;;-;-;-;-;1C;2B;none;none;none;6C;none;none;none;10A;none;12B;13B;13B;none;-;-;-;-;-;-;-;-;-;-;-;-;-
88;m;60;4;Bayern;;;;;;;;Landshut;-;84030;DEU;;-;-;-;-;1A;2B;3B;4A;5C;6C;7C;8A;9C;10A;11A;12B;13B;13A;14B;-;-;-;-;-;-;-;-;-;-;-;-;-
89;f;46;7;Thueringen;;;;;;;;Dornheim;-;99310;DEU;;-;-;-;-;1A;2B;3B;4A;5A;6A;7A;8A;9C;10C;11B;12C;13A;13A;14B;-;-;-;-;-;-;-;-;-;-;-;-;-
90;m;34;4;Bayern;;;;;;;;Landshut;-;84030;DEU;;-;-;-;-;1B;none;3C;4B;5A;none;none;none;9A;none;none;none;13B;13B;14C;-;-;-;-;-;-;-;-;-;-;-;-;-
91;f;45;3b;Baden-Wuerttemberg;;;;;;;;Kisslegg;-;88353;DEU;;-;-;-;-;1B;2B;3A;4C;5C;6B;7C;none;9A;10C;11B;12B;13A;13A;14B;-;-;-;-;-;-;-;-;-;-;-;-;-
92;f;41;7;Thueringen;;;;;;;;Dornheim;-;99310;DEU;;-;-;-;-;1C;2A;none;none;none;none;none;none;9C;none;none;none;none;none;none;-;-;-;-;-;-;-;-;-;-;-;-;-
93;f;39;1;Hamburg;;;;;;;;Hamburg;x;21077;DEU;;-;-;-;-;none;none;3B;none;none;none;7B;none;none;none;none;12C;none;13C;none;-;-;-;-;-;-;-;-;-;-;-;-;-
94;f;53;2;Nordrhein-Westfalen;;;;;;;;Moenchengladbach;x;41236;DEU;;-;-;-;-;1C;2A;3A;4B;5A;6C;7C;8C;none;10C;11C;12A;13B;13A;14B;-;-;-;-;-;-;-;-;-;-;-;-;-
95;m;40;1;Niedersachsen;;;;;;;;Oldenburg (Oldenburg);-;26123;DEU;;-;-;-;-;1C;2C;3C;4A;5B;6B;7A;8A;9C;10C;11C;12A;13A;13A;14C;-;-;-;-;-;-;-;-;-;-;-;-;-
96;f;45;;;;;;;;;;;-;1589;DEU;;-;-;-;-;1A;2A;3A;4B;5A;6C;7A;8A;9C;10C;11A;12A;13A;13A;14B;-;-;-;-;-;-;-;-;-;-;-;-;-
97;f;66;2;Nordrhein-Westfalen;;;;;;;;Moenchengladbach;x;41236;DEU;;-;-;-;-;1B;2B;3B;4C;5A;6A;7A;8A;9B;10C;11B;12C;13B;13B;14C;-;-;-;-;-;-;-;-;-;-;-;-;-
98;m;43;2;Nordrhein-Westfalen;;;;;;;;Moenchengladbach;x;41236;DEU;;-;-;-;-;1C;2A;3C;none;5A;6C;none;none;9A;10A;11A;12B;13B;13B;14C;-;-;-;-;-;-;-;-;-;-;-;-;-
99;m;36;;;;;;;;;;;-;1589;DEU;;-;-;-;-;1B;2B;3B;4C;5A;6A;7B;8B;9A;10A;11A;12C;13A;13B;14C;-;-;-;-;-;-;-;-;-;-;-;-;-
100;m;28;1;Schleswig-Holstein;;;;;;;;Worth;-;21502;DEU;;-;-;-;-;1C;2B;3C;4B;5A;6C;none;none;9C;10A;11A;12B;13B;13B;14C;-;-;-;-;-;-;-;-;-;-;-;-;-
101;f;51;1;Niedersachsen;;;;;;;;Oldenburg (Oldenburg);-;26123;DEU;;-;-;-;-;none;none;none;none;5C;none;7A;8B;9B;10B;11C;none;13B;13B;14A;-;-;-;-;-;-;-;-;-;-;-;-;-
102;m;36;1;Niedersachsen;;;;;;;;Oldenburg (Oldenburg);-;26123;DEU;;-;-;-;-;1C;2B;3C;4B;5A;6C;none;8C;none;10A;none;12B;13B;13B;14C;-;-;-;-;-;-;-;-;-;-;-;-;-
103;f;37;3b;Baden-Wuerttemberg;;;;;;;;Kisslegg;-;88353;DEU;;-;-;-;-;1C;2B;3C;4B;5C;6B;7C;8C;9C;10B;11C;12A;13B;13A;14B;-;-;-;-;-;-;-;-;-;-;-;-;-
104;m;38;4;Bayern;;;;;;;;Landshut;-;84030;DEU;;-;-;-;-;1A;2A;3C;4B;none;6C;none;none;9A;10A;11A;12B;none;13B;none;-;-;-;-;-;-;-;-;-;-;-;-;-
105;f;36;3a;Rheinland-Pfalz;;;;;;;;Worms;-;67549;DEU;;-;-;-;-;1C;none;3A;4C;5C;6A;7A;8A;9B;10C;11C;none;13A;13A;14B;-;-;-;-;-;-;-;-;-;-;-;-;-
106;f;37;4;Bayern;;;;;;;;Landshut;-;84030;DEU;;-;-;-;-;1C;2B;3A;4A;5C;6C;7C;8B;9B;10A;11A;12A;13B;13B;14C;-;-;-;-;-;-;-;-;-;-;-;-;-
107;f;44;3a;Hessen;;;;;;;;Darmstadt;x;64285;DEU;;-;-;-;-;1A;2B;3A;4C;5C;6C;7B;8B;9B;10B;11B;12B;13B;13C;14B;-;-;-;-;-;-;-;-;-;-;-;-;-
108;m;37;3a;Hessen;;;;;;;;Darmstadt;x;64285;DEU;;-;-;-;-;1C;2B;none;none;none;none;7A;none;9C;10A;none;none;none;none;none;-;-;-;-;-;-;-;-;-;-;-;-;-
109;m;43;1;Schleswig-Holstein;;;;;;;;Worth;-;21502;DEU;;-;-;-;-;none;2B;none;4A;5C;6B;7C;8C;9C;10B;11C;none;none;13A;14B;-;-;-;-;-;-;-;-;-;-;-;-;-
110;f;45;2;Nordrhein-Westfalen;;;;;;;;Moenchengladbach;x;41236;DEU;;-;-;-;-;1B;2A;3A;4C;5C;6A;7C;8B;9C;10A;11B;12B;13A;13A;14B;-;-;-;-;-;-;-;-;-;-;-;-;-
111;f;45;2;Nordrhein-Westfalen;;;;;;;;Moenchengladbach;x;41236;DEU;;-;-;-;-;1B;2A;3C;4B;5A;6C;none;8C;9A;10B;11C;12A;13B;13B;14C;-;-;-;-;-;-;-;-;-;-;-;-;-
112;f;35;2;Nordrhein-Westfalen;;;;;;;;Moenchengladbach;x;41236;DEU;;-;-;-;-;1C;2B;none;none;none;6C;none;none;9C;10A;11A;12B;none;none;none;-;-;-;-;-;-;-;-;-;-;-;-;-
113;f;59;3b;Baden-Wuerttemberg;;;;;;;;Kisslegg;-;88353;DEU;;-;-;-;-;1C;2A;3A;4B;5A;6C;none;none;none;10A;11A;12B;13B;13B;14C;-;-;-;-;-;-;-;-;-;-;-;-;-
114;m;39;2;Nordrhein-Westfalen;;;;;;;;Moenchengladbach;x;41236;DEU;;-;-;-;-;1C;2B;3B;4B;5C;6B;7C;8C;9C;10B;11A;12A;13B;13B;14B;-;-;-;-;-;-;-;-;-;-;-;-;-
115;m;24;3b;Baden-Wuerttemberg;;;;;;;;Kisslegg;-;88353;DEU;;-;-;-;-;1C;2B;3A;4B;5C;6C;7C;8C;9C;10A;11A;12B;13B;13B;14C;-;-;-;-;-;-;-;-;-;-;-;-;-
116;f;39;2;Nordrhein-Westfalen;;;;;;;;Moenchengladbach;x;41236;DEU;;-;-;-;-;1C;2B;3B;4C;5A;6A;7A;8A;9C;10A;11A;12B;13C;13B;14C;-;-;-;-;-;-;-;-;-;-;-;-;-
117;f;43;1;Niedersachsen;;;;;;;;Oldenburg (Oldenburg);-;26123;DEU;;-;-;-;-;1B;2B;3C;4A;none;6C;7C;8C;9A;10A;11A;12B;13C;13B;14C;-;-;-;-;-;-;-;-;-;-;-;-;-
118;f;47;2;Nordrhein-Westfalen;;;;;;;;Moenchengladbach;x;41236;DEU;;-;-;-;-;1B;2B;3C;4A;5C;6B;7C;8A;9A;10A;11B;12A;13C;13C;14C;-;-;-;-;-;-;-;-;-;-;-;-;-
119;m;25;2;Nordrhein-Westfalen;;;;;;;;Moenchengladbach;x;41236;DEU;;-;-;-;-;1C;2A;3C;4B;5A;6C;none;none;9C;10A;11A;12B;13B;13B;14C;-;-;-;-;-;-;-;-;-;-;-;-;-
120;f;46;4;Bayern;;;;;;;;Landshut;-;84030;DEU;;-;-;-;-;1C;2A;3B;4B;5A;6A;7A;8A;9B;10B;11C;12A;13B;13B;14A;-;-;-;-;-;-;-;-;-;-;-;-;-
121;f;51;;;;;;;;;;;-;1589;DEU;;-;-;-;-;1B;none;3C;4B;5A;none;none;none;9A;none;none;none;13B;13B;14C;-;-;-;-;-;-;-;-;-;-;-;-;-
122;m;44;4;Bayern;;;;;;;;Landshut;-;84030;DEU;;-;-;-;-;1B;2B;3C;4A;none;6C;7C;8C;9A;10A;11A;12B;13B;13B;14C;-;-;-;-;-;-;-;-;-;-;-;-;-
123;m;48;4;Bayern;;;;;;;;Landshut;-;84030;DEU;;-;-;-;-;1B;2B;3C;4A;5B;6B;7B;8C;9A;10C;11C;12A;13C;13C;14C;-;-;-;-;-;-;-;-;-;-;-;-;-
124;m;39;7;Thueringen;;;;;;;;Dornheim;-;99310;DEU;;-;-;-;-;1C;2B;3A;4A;5C;6C;7C;8C;none;10A;11A;12A;13A;13A;14B;-;-;-;-;-;-;-;-;-;-;-;-;-
125;f;62;3a;Hessen;;;;;;;;Darmstadt;x;64285;DEU;;-;-;-;-;1C;2B;none;none;none;6C;none;none;9C;10A;11A;12B;none;none;none;-;-;-;-;-;-;-;-;-;-;-;-;-
126;m;35;6;Mecklenburg-Vorpommern;;;;;;;;Greifswald;-;17491;DEU;;-;-;-;-;none;2B;3B;4A;5B;6A;7A;8C;9C;10A;11C;12C;13B;13A;14C;-;-;-;-;-;-;-;-;-;-;-;-;-
127;f;59;5;Berlin;;;;;;;;Berlin;x;12555;DEU;;-;-;-;-;1A;2A;3B;4C;5A;6A;7A;8A;9C;10C;11A;12B;13A;13A;14B;-;-;-;-;-;-;-;-;-;-;-;-;-
128;f;35;7;Thueringen;;;;;;;;Dornheim;-;99310;DEU;;-;-;-;-;1B;2B;3B;4B;5A;6C;7B;8A;9B;10C;11C;12A;13A;13A;14B;-;-;-;-;-;-;-;-;-;-;-;-;-
129;f;43;2;Nordrhein-Westfalen;;;;;;;;Moenchengladbach;x;41236;DEU;;-;-;-;-;1A;2A;3C;4A;5C;6C;7C;8C;9C;10A;11A;12A;13B;13B;14C;-;-;-;-;-;-;-;-;-;-;-;-;-
130;m;28;4;Bayern;;;;;;;;Landshut;-;84030;DEU;;-;-;-;-;1B;none;3B;4C;5A;6A;7C;8A;9B;none;11C;12A;13B;13B;14C;-;-;-;-;-;-;-;-;-;-;-;-;-
131;f;42;3a;Rheinland-Pfalz;;;;;;;;Worms;-;67549;DEU;;-;-;-;-;1C;2A;none;none;none;6C;none;none;9C;10A;11A;12B;none;none;none;-;-;-;-;-;-;-;-;-;-;-;-;-
132;f;41;3a;Saarland;;;;;;;;Beckingen;-;66701;DEU;;-;-;-;-;1C;2A;none;none;5A;6C;none;none;9C;10A;11A;12B;none;none;none;-;-;-;-;-;-;-;-;-;-;-;-;-
133;f;38;2;Nordrhein-Westfalen;;;;;;;;Moenchengladbach;x;41236;DEU;;-;-;-;-;1B;2A;3B;4A;5A;6C;7B;8C;9B;10A;11A;12A;13B;none;14A;-;-;-;-;-;-;-;-;-;-;-;-;-
134;f;42;5;Berlin;;;;;;;;Berlin;x;12555;DEU;;-;-;-;-;1B;2B;3C;4C;5A;6C;7A;8A;9A;10A;11B;12B;13C;13C;14C;-;-;-;-;-;-;-;-;-;-;-;-;-
135;m;44;2;Nordrhein-Westfalen;;;;;;;;Moenchengladbach;x;41236;DEU;;-;-;-;-;1C;2B;3A;4A;5C;6C;7C;8C;9C;10A;11C;12A;13B;13B;14B;-;-;-;-;-;-;-;-;-;-;-;-;-
136;m;44;2;Nordrhein-Westfalen;;;;;;;;Moenchengladbach;x;41236;DEU;;-;-;-;-;none;none;none;none;none;none;none;none;none;none;none;none;none;none;none;-;-;-;-;-;-;-;-;-;-;-;-;-
137;f;35;2;Nordrhein-Westfalen;;;;;;;;Moenchengladbach;x;41236;DEU;;-;-;-;-;1C;2A;3C;4C;5A;6C;7C;8C;9C;10A;11A;12B;13B;13B;14C;-;-;-;-;-;-;-;-;-;-;-;-;-
138;f;32;;;;;;;;;;;-;6800;DEU;;-;-;-;-;none;none;3C;none;5A;none;none;none;none;none;none;none;13B;13B;14C;-;-;-;-;-;-;-;-;-;-;-;-;-
139;f;27;5;Berlin;;;;;;;;Berlin;x;12555;DEU;;-;-;-;-;1B;2B;3C;4B;5A;6C;7B;8B;9A;10A;11A;12C;13B;13B;14C;-;-;-;-;-;-;-;-;-;-;-;-;-
140;f;29;3b;Baden-Wuerttemberg;;;;;;;;Kisslegg;-;88353;DEU;;-;-;-;-;1A;2A;none;none;none;none;none;none;9C;none;11A;none;none;none;none;-;-;-;-;-;-;-;-;-;-;-;-;-
141;f;28;3b;Baden-Wuerttemberg;;;;;;;;Kisslegg;-;88353;DEU;;-;-;-;-;1C;2B;3C;4A;5A;6C;7B;8C;9A;10A;11B;12B;13A;13B;14C;-;-;-;-;-;-;-;-;-;-;-;-;-
142;f;29;2;Nordrhein-Westfalen;;;;;;;;Moenchengladbach;x;41236;DEU;;-;-;-;-;1C;2B;none;4A;5C;6C;none;8C;9C;10A;11A;12B;13B;13B;14C;-;-;-;-;-;-;-;-;-;-;-;-;-
143;m;35;5;Berlin;;;;;;;;Berlin;x;12555;DEU;;-;-;-;-;1B;2A;3C;4B;5A;6C;7C;8C;9A;10A;11A;12B;13B;13B;14C;-;-;-;-;-;-;-;-;-;-;-;-;-
144;f;30;2;Nordrhein-Westfalen;;;;;;;;Moenchengladbach;x;41236;DEU;;-;-;-;-;1C;2B;3C;4B;5A;6C;none;none;9C;10A;11A;12B;13B;13B;14C;-;-;-;-;-;-;-;-;-;-;-;-;-
145;m;17;5;Berlin;;;;;;;;Berlin;x;12555;DEU;;-;-;-;-;1C;2A;3B;4C;5C;6A;7B;8B;9C;10C;11C;12A;13B;13B;14C;-;-;-;-;-;-;-;-;-;-;-;-;-
146;f;38;6;Mecklenburg-Vorpommern;;;;;;;;Greifswald;-;17491;DEU;;-;-;-;-;1C;2A;3A;4A;5C;6C;7C;8C;9C;10C;11C;12B;13A;13A;14B;-;-;-;-;-;-;-;-;-;-;-;-;-
147;m;16;3a;Hessen;;;;;;;;Darmstadt;x;64285;DEU;;-;-;-;-;none;none;none;none;none;none;none;none;none;none;none;none;none;none;none;-;-;-;-;-;-;-;-;-;-;-;-;-
148;m;43;;;;;;;;;;;-;1589;DEU;;-;-;-;-;none;none;none;none;none;none;none;none;none;none;none;none;none;none;none;-;-;-;-;-;-;-;-;-;-;-;-;-
149;m;19;2;Nordrhein-Westfalen;;;;;;;;Moenchengladbach;x;41236;DEU;;-;-;-;-;none;none;none;none;none;none;none;none;none;none;none;none;none;none;none;-;-;-;-;-;-;-;-;-;-;-;-;-
150;f;34;4;Bayern;;;;;;;;Landshut;-;84030;DEU;;-;-;-;-;1B;2A;3C;4B;5A;6C;none;none;9A;none;11A;12B;13B;13B;14C;-;-;-;-;-;-;-;-;-;-;-;-;-
151;m;18;1;Niedersachsen;;;;;;;;Oldenburg (Oldenburg);-;26123;DEU;;-;-;-;-;1C;2B;3A;4A;none;6B;7C;8C;9B;10B;11C;12A;13B;13B;14C;-;-;-;-;-;-;-;-;-;-;-;-;-
152;m;25;3b;Baden-Wuerttemberg;;;;;;;;Kisslegg;-;88353;DEU;;-;-;-;-;1C;2A;3A;4A;5C;6C;7C;8B;none;10A;11C;none;13A;13B;14A;-;-;-;-;-;-;-;-;-;-;-;-;-
153;f;25;1;Schleswig-Holstein;;;;;;;;Worth;-;21502;DEU;;-;-;-;-;1B;2A;3C;4B;5A;6C;7B;8B;9A;10A;11A;12B;13B;13B;14C;-;-;-;-;-;-;-;-;-;-;-;-;-
154;m;18;4;Bayern;;;;;;;;Landshut;-;84030;DEU;;-;-;-;-;none;2A;none;none;none;6C;none;none;none;10A;11A;12B;none;none;none;-;-;-;-;-;-;-;-;-;-;-;-;-
155;m;17;5;Berlin;;;;;;;;Berlin;x;12555;DEU;;-;-;-;-;1C;2A;3A;4B;5A;none;none;8C;9C;none;11A;12A;13B;13B;14C;-;-;-;-;-;-;-;-;-;-;-;-;-
156;f;29;1;Schleswig-Holstein;;;;;;;;Worth;-;21502;DEU;;-;-;-;-;1B;2A;3C;4B;5A;6B;7C;8C;9A;10B;11A;12B;13B;13B;14C;-;-;-;-;-;-;-;-;-;-;-;-;-
157;f;25;3b;Baden-Wuerttemberg;;;;;;;;Kisslegg;-;88353;DEU;;-;-;-;-;1B;2C;3C;4B;5A;none;none;8C;9A;10A;11C;12B;13B;13A;14C;-;-;-;-;-;-;-;-;-;-;-;-;-
158;m;19;4;Bayern;;;;;;;;Landshut;-;84030;DEU;;-;-;-;-;1C;2B;none;none;none;6C;none;none;9C;10A;11A;12B;none;none;none;-;-;-;-;-;-;-;-;-;-;-;-;-
159;m;18;2;Nordrhein-Westfalen;;;;;;;;Moenchengladbach;x;41236;DEU;;-;-;-;-;1C;2B;3A;4A;5C;6C;7B;8C;9C;10A;11A;12B;13B;13B;14B;-;-;-;-;-;-;-;-;-;-;-;-;-
160;m;28;3a;Hessen;;;;;;;;Darmstadt;x;64285;DEU;;-;-;-;-;1C;2B;3C;4A;5A;6C;7C;8C;9A;10A;11C;12B;13C;13B;14C;-;-;-;-;-;-;-;-;-;-;-;-;-
161;m;18;5;Berlin;;;;;;;;Berlin;x;12555;DEU;;-;-;-;-;1C;2A;3C;4C;5C;6C;7C;8A;9C;10A;11A;12A;13C;13C;14A;-;-;-;-;-;-;-;-;-;-;-;-;-
162;f;27;5;Berlin;;;;;;;;Berlin;x;12555;DEU;;-;-;-;-;1B;2B;3C;4B;5A;6B;7C;8C;9A;10B;11C;12B;13B;13B;14C;-;-;-;-;-;-;-;-;-;-;-;-;-
163;f;26;4;Bayern;;;;;;;;Landshut;-;84030;DEU;;-;-;-;-;1B;none;3C;4B;5B;6B;7C;8C;9A;10B;11C;12A;13A;13A;14C;-;-;-;-;-;-;-;-;-;-;-;-;-
164;m;25;2;Nordrhein-Westfalen;;;;;;;;Moenchengladbach;x;41236;DEU;;-;-;-;-;1C;2A;3A;none;5C;6C;7A;8C;9B;none;11A;12B;13A;13C;14B;-;-;-;-;-;-;-;-;-;-;-;-;-
165;m;20;4;Bayern;;;;;;;;Landshut;-;84030;DEU;;-;-;-;-;none;2A;none;none;none;none;none;none;none;10A;none;12B;none;none;none;-;-;-;-;-;-;-;-;-;-;-;-;-
166;m;18;1;Niedersachsen;;;;;;;;Oldenburg (Oldenburg);-;26123;DEU;;-;-;-;-;1B;none;3C;none;none;6C;none;none;9A;none;none;12B;none;none;none;-;-;-;-;-;-;-;-;-;-;-;-;-
167;m;29;3b;Baden-Wuerttemberg;;;;;;;;Kisslegg;-;88353;DEU;;-;-;-;-;1C;2B;3C;4A;5C;6C;7C;8C;9B;10A;11C;12A;13B;13B;14A;-;-;-;-;-;-;-;-;-;-;-;-;-
168;m;41;2;Nordrhein-Westfalen;;;;;;;;Moenchengladbach;x;41236;DEU;;-;-;-;-;1C;2B;3C;4B;5A;6C;none;none;9A;10A;11A;12B;13B;13B;14C;-;-;-;-;-;-;-;-;-;-;-;-;-
169;f;30;1;Hamburg;;;;;;;;Hamburg;x;21077;DEU;;-;-;-;-;1B;2B;none;none;none;6C;7C;8B;9A;10A;11B;none;13C;13C;none;-;-;-;-;-;-;-;-;-;-;-;-;-
170;f;25;6;Mecklenburg-Vorpommern;;;;;;;;Greifswald;-;17491;DEU;;-;-;-;-;1C;2B;3C;4B;5A;6C;none;none;9C;10A;11A;12B;13B;13B;14B;-;-;-;-;-;-;-;-;-;-;-;-;-
171;m;26;4;Bayern;;;;;;;;Landshut;-;84030;DEU;;-;-;-;-;1B;none;3C;4B;none;none;none;none;9A;none;none;none;13B;13B;14C;-;-;-;-;-;-;-;-;-;-;-;-;-
172;m;20;4;Bayern;;;;;;;;Landshut;-;84030;DEU;;-;-;-;-;1C;2A;3C;4B;none;6C;none;none;none;10A;11A;12B;13B;13B;14C;-;-;-;-;-;-;-;-;-;-;-;-;-
173;f;37;3a;Hessen;;;;;;;;Darmstadt;x;64285;DEU;;-;-;-;-;1B;none;3C;4A;none;6B;7C;8C;9A;10B;11C;12A;13B;13B;14C;-;-;-;-;-;-;-;-;-;-;-;-;-
174;m;20;;;;;;;;;;;-;1589;DEU;;-;-;-;-;1C;2B;3C;4B;5A;6C;none;none;9C;10A;11A;12B;13B;13B;14C;-;-;-;-;-;-;-;-;-;-;-;-;-
175;f;34;3b;Baden-Wuerttemberg;;;;;;;;Kisslegg;-;88353;DEU;;-;-;-;-;1B;2A;3C;4B;5A;6C;none;none;9A;10A;11A;12B;none;13B;14C;-;-;-;-;-;-;-;-;-;-;-;-;-
176;f;31;2;Nordrhein-Westfalen;;;;;;;;Moenchengladbach;x;41236;DEU;;-;-;-;-;1C;2B;3C;4B;5A;6C;none;none;9C;10A;11A;12B;13B;13B;14C;-;-;-;-;-;-;-;-;-;-;-;-;-
177;f;34;1;Bremen;;;;;;;;Bremen;x;28755;DEU;;-;-;-;-;1B;2B;3C;4B;5A;6B;7C;8C;9A;10A;11A;12B;13B;13B;14C;-;-;-;-;-;-;-;-;-;-;-;-;-
178;m;19;1;Niedersachsen;;;;;;;;Oldenburg (Oldenburg);-;26123;DEU;;-;-;-;-;1C;none;3A;none;5A;6A;7A;none;9B;10C;none;none;13A;13A;14B;-;-;-;-;-;-;-;-;-;-;-;-;-
179;m;21;1;Schleswig-Holstein;;;;;;;;Worth;-;21502;DEU;;-;-;-;-;none;2B;3C;none;5C;6C;none;8C;9C;10A;none;12A;13B;13B;14B;-;-;-;-;-;-;-;-;-;-;-;-;-
180;f;50;1;Hamburg;;;;;;;;Hamburg;x;21077;DEU;;-;-;-;-;1C;2B;3C;4B;5A;6C;none;none;9A;10A;11A;12B;13B;13B;14C;-;-;-;-;-;-;-;-;-;-;-;-;-
181;m;23;5;Berlin;;;;;;;;Berlin;x;12555;DEU;;-;-;-;-;1C;2B;none;4A;5C;6C;7C;8C;none;10A;11C;12A;13B;13B;14B;-;-;-;-;-;-;-;-;-;-;-;-;-
182;m;26;3a;Hessen;;;;;;;;Darmstadt;x;64285;DEU;;-;-;-;-;none;2B;none;none;5A;none;none;none;9A;none;none;none;13B;13B;14C;-;-;-;-;-;-;-;-;-;-;-;-;-
183;m;17;2;Nordrhein-Westfalen;;;;;;;;Moenchengladbach;x;41236;DEU;;-;-;-;-;1C;2B;none;none;none;6C;none;none;9C;10A;11A;12B;none;none;none;-;-;-;-;-;-;-;-;-;-;-;-;-
184;f;31;3a;Hessen;;;;;;;;Darmstadt;x;64285;DEU;;-;-;-;-;1A;2C;3B;4C;5C;6A;7A;8A;9C;10C;11A;12A;13B;13A;14C;-;-;-;-;-;-;-;-;-;-;-;-;-
185;m;38;4;Bayern;;;;;;;;Landshut;-;84030;DEU;;-;-;-;-;1C;2A;3A;4C;5C;6C;7A;8B;9C;10A;11A;12B;13A;13A;14B;-;-;-;-;-;-;-;-;-;-;-;-;-
186;m;23;3a;Rheinland-Pfalz;;;;;;;;Worms;-;67549;DEU;;-;-;-;-;1C;2B;none;none;none;6C;7B;none;9C;10A;11A;12B;13C;none;none;-;-;-;-;-;-;-;-;-;-;-;-;-
187;f;32;2;Nordrhein-Westfalen;;;;;;;;Moenchengladbach;x;41236;DEU;;-;-;-;-;1B;2A;3C;4B;5A;6C;7B;8B;9A;10B;11A;12C;13B;13B;14C;-;-;-;-;-;-;-;-;-;-;-;-;-
188;f;33;3b;Baden-Wuerttemberg;;;;;;;;Kisslegg;-;88353;DEU;;-;-;-;-;none;none;none;none;5A;none;none;none;none;none;none;none;none;none;none;-;-;-;-;-;-;-;-;-;-;-;-;-
189;f;78;3a;Hessen;;;;;;;;Darmstadt;x;64285;DEU;;-;-;-;-;1B;2B;3C;4B;5C;6C;7C;8C;9A;10A;11A;12B;13B;13B;14C;-;-;-;-;-;-;-;-;-;-;-;-;-
190;m;16;2;Nordrhein-Westfalen;;;;;;;;Moenchengladbach;x;41236;DEU;;-;-;-;-;none;none;none;4B;none;none;none;none;none;none;none;none;13B;none;14C;-;-;-;-;-;-;-;-;-;-;-;-;-
191;m;22;4;Bayern;;;;;;;;Landshut;-;84030;DEU;;-;-;-;-;1A;2A;3A;4A;5A;none;7C;8A;9A;10B;none;12B;13B;13B;14A;-;-;-;-;-;-;-;-;-;-;-;-;-
192;f;26;3a;Hessen;;;;;;;;Darmstadt;x;64285;DEU;;-;-;-;-;1C;2B;3A;none;5A;none;none;8C;none;none;none;none;13B;13B;14C;-;-;-;-;-;-;-;-;-;-;-;-;-
193;m;32;3a;Hessen;;;;;;;;Darmstadt;x;64285;DEU;;-;-;-;-;1A;2C;none;none;none;6C;none;none;9C;10A;11A;12B;none;none;none;-;-;-;-;-;-;-;-;-;-;-;-;-
194;m;25;5;Berlin;;;;;;;;Berlin;x;12555;DEU;;-;-;-;-;1C;2B;3A;4B;5A;6A;7C;8B;9A;10B;11C;12C;13A;13A;none;-;-;-;-;-;-;-;-;-;-;-;-;-
195;m;18;2;Nordrhein-Westfalen;;;;;;;;Moenchengladbach;x;41236;DEU;;-;-;-;-;1A;2C;3C;4B;5A;6C;7C;8B;9A;10A;11A;12B;13B;13B;14B;-;-;-;-;-;-;-;-;-;-;-;-;-
196;m;21;4;Bayern;;;;;;;;Landshut;-;84030;DEU;;-;-;-;-;1A;2B;3C;4A;5B;none;7C;8A;9A;10C;11A;12B;13B;13B;14A;-;-;-;-;-;-;-;-;-;-;-;-;-
197;f;25;4;Bayern;;;;;;;;Landshut;-;84030;DEU;;-;-;-;-;none;none;none;4B;none;none;none;8B;none;none;none;none;13B;13B;14C;-;-;-;-;-;-;-;-;-;-;-;-;-
198;f;57;5;Berlin;;;;;;;;Berlin;x;12555;DEU;;-;-;-;-;1C;2A;3B;4C;5C;6C;7B;8B;9C;10A;11A;12B;13C;13C;14A;-;-;-;-;-;-;-;-;-;-;-;-;-
199;f;27;3a;Rheinland-Pfalz;;;;;;;;Worms;-;67549;DEU;;-;-;-;-;1C;2B;3A;4A;5A;6B;7C;8A;9C;10B;11A;12B;13A;13B;14C;-;-;-;-;-;-;-;-;-;-;-;-;-
200;m;16;2;Nordrhein-Westfalen;;;;;;;;Moenchengladbach;x;41236;DEU;;-;-;-;-;none;2C;3B;4C;5C;6C;7B;8C;9A;10A;11B;12A;13A;13B;14C;-;-;-;-;-;-;-;-;-;-;-;-;-
201;f;34;3a;Hessen;;;;;;;;Darmstadt;x;64285;DEU;;-;-;-;-;1A;none;3A;4C;5A;6A;7A;8A;9C;10C;none;none;13A;13A;14B;-;-;-;-;-;-;-;-;-;-;-;-;-
202;m;41;4;Bayern;;;;;;;;Landshut;-;84030;DEU;;-;-;-;-;1A;2A;3A;4C;5A;6C;7C;8B;9C;10B;11B;12A;13A;13A;14A;-;-;-;-;-;-;-;-;-;-;-;-;-
203;f;25;2;Nordrhein-Westfalen;;;;;;;;Moenchengladbach;x;41236;DEU;;-;-;-;-;1A;2A;3A;4C;5A;6B;7C;8B;9B;10C;11A;12C;13B;13A;14B;-;-;-;-;-;-;-;-;-;-;-;-;-
204;f;28;2;Nordrhein-Westfalen;;;;;;;;Moenchengladbach;x;41236;DEU;;-;-;-;-;1C;2B;3C;4B;5A;6C;none;none;9C;10A;11A;12B;13B;13B;14C;-;-;-;-;-;-;-;-;-;-;-;-;-
205;m;18;1;Schleswig-Holstein;;;;;;;;Worth;-;21502;DEU;;-;-;-;-;1C;2A;3A;4C;5C;6C;7C;8C;9C;10C;11A;12A;13A;13A;14B;-;-;-;-;-;-;-;-;-;-;-;-;-
206;m;20;1;Niedersachsen;;;;;;;;Oldenburg (Oldenburg);-;26123;DEU;;-;-;-;-;none;none;none;none;none;none;none;none;none;none;none;none;none;none;none;-;-;-;-;-;-;-;-;-;-;-;-;-
207;f;33;;;;;;;;;;;-;1589;DEU;;-;-;-;-;1C;2A;3A;4B;5A;6A;7A;8C;9C;10C;11C;12A;13B;13B;14C;-;-;-;-;-;-;-;-;-;-;-;-;-
208;m;19;3a;Rheinland-Pfalz;;;;;;;;Worms;-;67549;DEU;;-;-;-;-;1C;2B;3A;4C;5C;6A;7C;8C;9C;10C;11C;12A;13A;13A;14B;-;-;-;-;-;-;-;-;-;-;-;-;-
209;f;27;3b;Baden-Wuerttemberg;;;;;;;;Kisslegg;-;88353;DEU;;-;-;-;-;1C;2A;3B;4B;5A;6C;7A;8B;9C;10A;11A;12B;13B;13C;14A;-;-;-;-;-;-;-;-;-;-;-;-;-
210;m;23;1;Niedersachsen;;;;;;;;Oldenburg (Oldenburg);-;26123;DEU;;-;-;-;-;1B;2B;3C;none;none;6C;7C;8C;none;10A;none;12B;13B;13B;none;-;-;-;-;-;-;-;-;-;-;-;-;-
211;m;30;3b;Baden-Wuerttemberg;;;;;;;;Kisslegg;-;88353;DEU;;-;-;-;-;1C;2A;3C;4B;5A;6C;7C;8C;9C;10A;11A;12B;13B;13B;14C;-;-;-;-;-;-;-;-;-;-;-;-;-
212;m;22;2;Nordrhein-Westfalen;;;;;;;;Moenchengladbach;x;41236;DEU;;-;-;-;-;1C;2B;3C;4B;5A;6C;7C;8C;9C;10A;11A;12B;13B;13B;14C;-;-;-;-;-;-;-;-;-;-;-;-;-
213;f;47;7;Thueringen;;;;;;;;Dornheim;-;99310;DEU;;-;-;-;-;1B;2B;3C;4A;5A;6B;7C;8A;9A;10B;11B;12B;13C;13C;14B;-;-;-;-;-;-;-;-;-;-;-;-;-
214;f;49;1;Hamburg;;;;;;;;Hamburg;x;21077;DEU;;-;-;-;-;1C;2A;none;none;none;6C;none;none;none;10A;11A;12B;none;none;none;-;-;-;-;-;-;-;-;-;-;-;-;-
215;f;26;2;Nordrhein-Westfalen;;;;;;;;Moenchengladbach;x;41236;DEU;;-;-;-;-;1C;2B;3B;4A;5C;6C;7C;8A;9B;10A;11B;12B;13A;13C;14B;-;-;-;-;-;-;-;-;-;-;-;-;-
216;f;44;1;Hamburg;;;;;;;;Hamburg;x;21077;DEU;;-;-;-;-;none;2B;none;4A;5C;6C;7C;8C;9A;10B;11C;12A;13B;13B;14C;-;-;-;-;-;-;-;-;-;-;-;-;-
217;m;17;2;Nordrhein-Westfalen;;;;;;;;Moenchengladbach;x;41236;DEU;;-;-;-;-;1B;2B;none;4B;none;none;none;none;9A;none;none;none;13B;13B;14C;-;-;-;-;-;-;-;-;-;-;-;-;-
218;m;28;4;Bayern;;;;;;;;Landshut;-;84030;DEU;;-;-;-;-;1C;2B;3C;4C;5C;6C;7A;8C;9B;10A;11A;12A;13B;13B;14A;-;-;-;-;-;-;-;-;-;-;-;-;-
219;m;25;2;Nordrhein-Westfalen;;;;;;;;Moenchengladbach;x;41236;DEU;;-;-;-;-;1B;2B;3C;4A;none;6C;7C;none;9A;10A;11A;12B;13C;13C;none;-;-;-;-;-;-;-;-;-;-;-;-;-
220;m;48;3a;Rheinland-Pfalz;;;;;;;;Worms;-;67549;DEU;;-;-;-;-;none;none;none;none;none;none;none;none;none;none;none;none;none;none;none;-;-;-;-;-;-;-;-;-;-;-;-;-
221;m;37;;;;;;;;;;;-;6800;DEU;;-;-;-;-;1A;2C;3A;4A;5C;6A;7C;8B;9C;10B;11A;12B;13C;13B;14A;-;-;-;-;-;-;-;-;-;-;-;-;-
222;m;44;1;Schleswig-Holstein;;;;;;;;Worth;-;21502;DEU;;-;-;-;-;1C;2A;3A;4B;5A;none;none;8C;9C;10B;11A;12A;13B;13B;14C;-;-;-;-;-;-;-;-;-;-;-;-;-
223;m;17;3b;Baden-Wuerttemberg;;;;;;;;Kisslegg;-;88353;DEU;;-;-;-;-;1A;2C;3B;4A;5A;6A;7C;8C;9C;10C;11A;12B;13A;13C;14B;-;-;-;-;-;-;-;-;-;-;-;-;-
224;f;18;3a;Hessen;;;;;;;;Darmstadt;x;64285;DEU;;-;-;-;-;1B;2B;3C;4B;5A;6C;none;none;9A;10A;11A;12B;13B;13B;14C;-;-;-;-;-;-;-;-;-;-;-;-;-
225;f;18;1;Schleswig-Holstein;;;;;;;;Worth;-;21502;DEU;;-;-;-;-;1B;2B;3C;4B;5C;6C;7C;8B;9A;10A;11A;12B;13B;13B;14B;-;-;-;-;-;-;-;-;-;-;-;-;-
226;f;18;5;Berlin;;;;;;;;Berlin;x;12555;DEU;;-;-;-;-;1C;2A;none;4B;5A;6C;none;none;9C;none;11A;none;13B;13B;14C;-;-;-;-;-;-;-;-;-;-;-;-;-
227;m;54;2;Nordrhein-Westfalen;;;;;;;;Moenchengladbach;x;41236;DEU;;-;-;-;-;1C;2B;none;none;none;6C;none;none;none;none;none;12B;none;none;none;-;-;-;-;-;-;-;-;-;-;-;-;-
228;f;17;4;Bayern;;;;;;;;Landshut;-;84030;DEU;;-;-;-;-;1B;2A;3A;4B;none;6C;none;8C;none;none;11A;12A;13B;13B;14C;-;-;-;-;-;-;-;-;-;-;-;-;-
229;f;18;4;Bayern;;;;;;;;Landshut;-;84030;DEU;;-;-;-;-;1A;2A;3A;none;5C;none;7B;8C;9C;10A;none;none;13C;13B;14C;-;-;-;-;-;-;-;-;-;-;-;-;-
230;f;16;3a;Rheinland-Pfalz;;;;;;;;Worms;-;67549;DEU;;-;-;-;-;1C;2B;3C;4A;5C;6C;7C;none;9C;10A;11A;12B;13B;none;14C;-;-;-;-;-;-;-;-;-;-;-;-;-
231;m;44;1;Hamburg;;;;;;;;Hamburg;x;21077;DEU;;-;-;-;-;1C;2A;none;none;none;6C;none;none;9C;10A;11A;12B;none;none;none;-;-;-;-;-;-;-;-;-;-;-;-;-
232;f;19;3a;Rheinland-Pfalz;;;;;;;;Worms;-;67549;DEU;;-;-;-;-;1C;2A;none;4B;5A;6C;none;none;9C;none;11A;none;13B;13B;14C;-;-;-;-;-;-;-;-;-;-;-;-;-
233;f;19;2;Nordrhein-Westfalen;;;;;;;;Moenchengladbach;x;41236;DEU;;-;-;-;-;1C;2A;3C;4B;5A;none;none;none;9C;none;11A;none;13B;13B;14C;-;-;-;-;-;-;-;-;-;-;-;-;-
234;f;16;4;Bayern;;;;;;;;Landshut;-;84030;DEU;;-;-;-;-;1C;2B;none;none;none;6C;none;none;9C;10A;11A;12B;none;none;none;-;-;-;-;-;-;-;-;-;-;-;-;-
235;f;25;3b;Baden-Wuerttemberg;;;;;;;;Kisslegg;-;88353;DEU;;-;-;-;-;1A;2A;3C;4B;5A;6C;7C;8C;9C;10A;11A;12B;13B;13B;14C;-;-;-;-;-;-;-;-;-;-;-;-;-
236;f;23;4;Bayern;;;;;;;;Landshut;-;84030;DEU;;-;-;-;-;1C;2A;3C;4B;5A;6C;none;none;9A;10A;11A;12B;13B;13B;14C;-;-;-;-;-;-;-;-;-;-;-;-;-
237;f;45;1;Niedersachsen;;;;;;;;Oldenburg (Oldenburg);-;26123;DEU;;-;-;-;-;1C;2A;none;4C;5A;none;none;none;9C;none;none;none;13B;13B;14C;-;-;-;-;-;-;-;-;-;-;-;-;-
238;m;18;1;Niedersachsen;;;;;;;;Oldenburg (Oldenburg);-;26123;DEU;;-;-;-;-;1C;2B;none;4B;none;6C;none;none;9C;10A;11A;12B;none;none;none;-;-;-;-;-;-;-;-;-;-;-;-;-
239;f;45;5;Berlin;;;;;;;;Berlin;x;12555;DEU;;-;-;-;-;1B;2A;3C;4B;5A;6C;7B;8C;9A;10B;11C;12A;13B;13B;14C;-;-;-;-;-;-;-;-;-;-;-;-;-
240;f;16;;;;;;;;;;;-;1589;DEU;;-;-;-;-;1C;2B;3C;4A;5A;6C;7C;8C;9B;10A;11A;12A;13B;13B;14B;-;-;-;-;-;-;-;-;-;-;-;-;-
241;f;16;3a;Hessen;;;;;;;;Darmstadt;x;64285;DEU;;-;-;-;-;1C;2A;none;none;none;6C;none;none;9C;10A;11A;12B;none;none;none;-;-;-;-;-;-;-;-;-;-;-;-;-
242;m;23;1;Hamburg;;;;;;;;Hamburg;x;21077;DEU;;-;-;-;-;1B;2B;3C;4A;5B;6B;7A;8C;9C;10C;11B;12B;13C;13A;14A;-;-;-;-;-;-;-;-;-;-;-;-;-
243;m;34;1;Niedersachsen;;;;;;;;Oldenburg (Oldenburg);-;26123;DEU;;-;-;-;-;1C;2A;3B;4C;5A;6C;7B;8B;9C;10A;11A;12B;13C;13C;14A;-;-;-;-;-;-;-;-;-;-;-;-;-
244;f;30;2;Nordrhein-Westfalen;;;;;;;;Moenchengladbach;x;41236;DEU;;-;-;-;-;1C;2C;3A;4C;5B;6B;7B;8C;9B;10B;11A;12A;13B;13B;14A;-;-;-;-;-;-;-;-;-;-;-;-;-
245;f;42;;;;;;;;;;;-;1589;DEU;;-;-;-;-;1B;2A;3C;4A;5B;6C;7B;8C;9A;10B;11A;12B;13C;13B;14A;-;-;-;-;-;-;-;-;-;-;-;-;-
246;f;20;1;Niedersachsen;;;;;;;;Oldenburg (Oldenburg);-;26123;DEU;;-;-;-;-;1B;2A;none;4B;5A;none;7B;none;none;none;11C;none;13B;13B;14C;-;-;-;-;-;-;-;-;-;-;-;-;-
247;m;20;4;Bayern;;;;;;;;Landshut;-;84030;DEU;;-;-;-;-;1B;2B;3C;4A;5C;6B;7C;8B;9A;10A;11B;12B;13C;13C;14C;-;-;-;-;-;-;-;-;-;-;-;-;-
248;f;23;2;Nordrhein-Westfalen;;;;;;;;Moenchengladbach;x;41236;DEU;;-;-;-;-;1C;2A;3A;4B;5A;6C;7C;8C;9C;10C;11C;12B;13B;13B;14B;-;-;-;-;-;-;-;-;-;-;-;-;-
249;f;18;2;Nordrhein-Westfalen;;;;;;;;Moenchengladbach;x;41236;DEU;;-;-;-;-;1A;2A;3C;4A;5C;6C;7C;8C;9C;10A;11A;12B;13A;13C;14B;-;-;-;-;-;-;-;-;-;-;-;-;-
250;f;16;3a;Rheinland-Pfalz;;;;;;;;Worms;-;67549;DEU;;-;-;-;-;1C;2A;3C;4B;5A;6C;none;none;9C;10A;11A;12B;none;13B;14C;-;-;-;-;-;-;-;-;-;-;-;-;-
251;f;17;2;Nordrhein-Westfalen;;;;;;;;Moenchengladbach;x;41236;DEU;;-;-;-;-;1C;2B;none;4B;none;none;none;none;none;none;11B;12B;13B;none;none;-;-;-;-;-;-;-;-;-;-;-;-;-
252;m;36;5;Berlin;;;;;;;;Berlin;x;12555;DEU;;-;-;-;-;1B;2B;3C;4A;5B;6B;7A;8C;9B;10B;11C;12A;13A;13B;14C;-;-;-;-;-;-;-;-;-;-;-;-;-
253;f;36;3a;Rheinland-Pfalz;;;;;;;;Worms;-;67549;DEU;;-;-;-;-;1C;2B;3A;4C;5B;6C;7A;8A;9C;10C;11B;12B;13C;13C;14B;-;-;-;-;-;-;-;-;-;-;-;-;-
254;f;18;5;Berlin;;;;;;;;Berlin;x;12555;DEU;;-;-;-;-;1B;2B;3C;4B;5A;6C;7C;8C;9A;10A;11A;12B;13B;13B;14C;-;-;-;-;-;-;-;-;-;-;-;-;-
255;f;19;2;Nordrhein-Westfalen;;;;;;;;Moenchengladbach;x;41236;DEU;;-;-;-;-;1C;2A;3A;4B;5A;none;none;none;9C;none;11A;none;13B;13B;14C;-;-;-;-;-;-;-;-;-;-;-;-;-
256;f;20;3b;Baden-Wuerttemberg;;;;;;;;Kisslegg;-;88353;DEU;;-;-;-;-;1C;2A;3C;4B;5C;6B;7C;8C;none;10B;11C;12A;13B;13B;14C;-;-;-;-;-;-;-;-;-;-;-;-;-
257;f;44;2;Nordrhein-Westfalen;;;;;;;;Moenchengladbach;x;41236;DEU;;-;-;-;-;1C;2A;3A;4A;5C;6B;7C;8B;9C;10B;11C;12A;13B;13B;14B;-;-;-;-;-;-;-;-;-;-;-;-;-
258;f;18;1;Niedersachsen;;;;;;;;Oldenburg (Oldenburg);-;26123;DEU;;-;-;-;-;none;none;3B;4C;none;6A;7A;8A;9B;none;11B;none;13C;13C;none;-;-;-;-;-;-;-;-;-;-;-;-;-
259;m;29;1;Schleswig-Holstein;;;;;;;;Worth;-;21502;DEU;;-;-;-;-;1C;2B;3A;4A;5C;6B;7C;8C;9B;10A;11C;12A;13A;13A;14B;-;-;-;-;-;-;-;-;-;-;-;-;-
260;m;41;3a;Saarland;;;;;;;;Beckingen;-;66701;DEU;;-;-;-;-;1B;2A;3C;4B;5A;6C;none;none;9A;10A;11A;12B;13B;13B;14C;-;-;-;-;-;-;-;-;-;-;-;-;-
261;m;33;3a;Saarland;;;;;;;;Beckingen;-;66701;DEU;;-;-;-;-;1C;2B;none;none;5C;6C;none;8C;none;none;none;none;13B;13B;none;-;-;-;-;-;-;-;-;-;-;-;-;-
262;m;26;3b;Baden-Wuerttemberg;;;;;;;;Kisslegg;-;88353;DEU;;-;-;-;-;1C;2C;none;none;none;6C;none;none;9C;10A;11A;12B;none;none;none;-;-;-;-;-;-;-;-;-;-;-;-;-
263;m;20;1;Hamburg;;;;;;;;Hamburg;x;21077;DEU;;-;-;-;-;1C;2B;3A;4A;5C;6B;7C;8C;9B;10B;11A;12A;13B;13C;14B;-;-;-;-;-;-;-;-;-;-;-;-;-
264;m;37;3a;Hessen;;;;;;;;Darmstadt;x;64285;DEU;;-;-;-;-;1C;2B;3A;4A;5A;6C;none;8C;9C;10A;11A;12B;13B;13B;14B;-;-;-;-;-;-;-;-;-;-;-;-;-
265;f;38;1;Niedersachsen;;;;;;;;Oldenburg (Oldenburg);-;26123;DEU;;-;-;-;-;none;2B;3C;none;none;6C;none;none;none;none;none;none;13B;13B;none;-;-;-;-;-;-;-;-;-;-;-;-;-
266;f;18;3a;Rheinland-Pfalz;;;;;;;;Worms;-;67549;DEU;;-;-;-;-;1B;2B;3C;4A;5C;6C;7C;8A;9B;10A;11B;12B;13C;13C;14B;-;-;-;-;-;-;-;-;-;-;-;-;-
267;f;18;1;Niedersachsen;;;;;;;;Oldenburg (Oldenburg);-;26123;DEU;;-;-;-;-;1C;2B;3C;4B;5A;6C;none;8C;9A;10A;11A;12B;13B;13B;14C;-;-;-;-;-;-;-;-;-;-;-;-;-
268;f;18;3a;Hessen;;;;;;;;Darmstadt;x;64285;DEU;;-;-;-;-;none;2B;none;none;none;none;none;none;none;none;none;none;13C;13C;none;-;-;-;-;-;-;-;-;-;-;-;-;-
269;f;17;2;Nordrhein-Westfalen;;;;;;;;Moenchengladbach;x;41236;DEU;;-;-;-;-;1C;2B;3A;4A;5C;6C;7C;8C;9B;10B;11C;12A;13B;13B;14B;-;-;-;-;-;-;-;-;-;-;-;-;-
270;f;25;2;Nordrhein-Westfalen;;;;;;;;Moenchengladbach;x;41236;DEU;;-;-;-;-;1C;2A;3B;4B;5A;6A;7B;8B;9C;10B;11A;12C;13B;13B;14C;-;-;-;-;-;-;-;-;-;-;-;-;-
271;f;22;1;Hamburg;;;;;;;;Hamburg;x;21077;DEU;;-;-;-;-;none;2B;none;4A;none;6B;7C;8B;9A;10A;11C;12A;13C;13B;14A;-;-;-;-;-;-;-;-;-;-;-;-;-
272;m;18;1;Niedersachsen;;;;;;;;Oldenburg (Oldenburg);-;26123;DEU;;-;-;-;-;1B;2B;3C;4B;5A;6C;7C;8C;9A;10A;11A;12B;13B;13B;14C;-;-;-;-;-;-;-;-;-;-;-;-;-
273;f;16;3b;Baden-Wuerttemberg;;;;;;;;Kisslegg;-;88353;DEU;;-;-;-;-;1B;2B;3B;4A;5C;6B;7C;8A;9A;10A;11B;12C;13C;13B;14B;-;-;-;-;-;-;-;-;-;-;-;-;-
274;f;18;5;Berlin;;;;;;;;Berlin;x;12555;DEU;;-;-;-;-;1C;2A;3C;4B;5A;6C;7C;8C;9A;10A;11A;12B;13B;13B;14C;-;-;-;-;-;-;-;-;-;-;-;-;-
275;m;19;;;;;;;;;;;-;6800;DEU;;-;-;-;-;1B;2C;3A;4A;5C;6A;7C;8A;9C;10B;11C;12C;13A;13B;14B;-;-;-;-;-;-;-;-;-;-;-;-;-
276;f;20;5;Berlin;;;;;;;;Berlin;x;12555;DEU;;-;-;-;-;1B;2A;3C;4B;5A;6C;7C;8C;9A;10A;11A;12B;13B;13B;14C;-;-;-;-;-;-;-;-;-;-;-;-;-
277;m;49;3b;Baden-Wuerttemberg;;;;;;;;Kisslegg;-;88353;DEU;;-;-;-;-;1B;none;3A;4A;5C;6B;7C;8C;9A;10C;11C;12A;13A;13A;14B;-;-;-;-;-;-;-;-;-;-;-;-;-
278;f;16;5;Berlin;;;;;;;;Berlin;x;12555;DEU;;-;-;-;-;1A;2C;3B;4B;5C;6C;7C;8A;9C;10B;11C;12C;13B;13A;14A;-;-;-;-;-;-;-;-;-;-;-;-;-
279;m;22;;;;;;;;;;;-;6800;DEU;;-;-;-;-;1B;2A;none;4B;5A;6C;none;none;9A;none;none;12B;none;none;14C;-;-;-;-;-;-;-;-;-;-;-;-;-
280;m;21;3b;Baden-Wuerttemberg;;;;;;;;Kisslegg;-;88353;DEU;;-;-;-;-;1B;2C;3B;4B;5A;6A;7B;8B;9B;10A;11B;12C;13B;13C;14A;-;-;-;-;-;-;-;-;-;-;-;-;-
281;m;26;4;Bayern;;;;;;;;Landshut;-;84030;DEU;;-;-;-;-;1C;2B;3C;4B;5A;6C;7C;8B;9B;10A;11A;12B;13B;13B;14C;-;-;-;-;-;-;-;-;-;-;-;-;-
282;f;31;1;Niedersachsen;;;;;;;;Oldenburg (Oldenburg);-;26123;DEU;;-;-;-;-;1C;2C;3C;4A;5A;6C;7C;8A;9C;10B;11A;12C;13B;13B;14A;-;-;-;-;-;-;-;-;-;-;-;-;-
283;f;18;2;Nordrhein-Westfalen;;;;;;;;Moenchengladbach;x;41236;DEU;;-;-;-;-;1C;2B;3A;4A;5C;6B;7C;8C;9B;10B;11C;12A;13B;13B;14A;-;-;-;-;-;-;-;-;-;-;-;-;-
284;f;26;2;Nordrhein-Westfalen;;;;;;;;Moenchengladbach;x;41236;DEU;;-;-;-;-;1A;2C;3B;4A;5A;6B;7C;8A;9C;10A;11B;12B;13B;13A;14B;-;-;-;-;-;-;-;-;-;-;-;-;-
285;f;25;2;Nordrhein-Westfalen;;;;;;;;Moenchengladbach;x;41236;DEU;;-;-;-;-;1C;2A;3C;4B;5A;6C;none;none;9C;10A;11A;12B;13B;13B;14C;-;-;-;-;-;-;-;-;-;-;-;-;-
286;f;48;3b;Baden-Wuerttemberg;;;;;;;;Kisslegg;-;88353;DEU;;-;-;-;-;none;2A;none;4B;none;none;none;8C;none;10B;11A;12A;13B;13B;14C;-;-;-;-;-;-;-;-;-;-;-;-;-
287;f;16;4;Bayern;;;;;;;;Landshut;-;84030;DEU;;-;-;-;-;1C;2A;none;none;none;6B;none;none;9C;10A;11A;12B;13A;none;none;-;-;-;-;-;-;-;-;-;-;-;-;-
288;f;25;6;Mecklenburg-Vorpommern;;;;;;;;Greifswald;-;17491;DEU;;-;-;-;-;1C;2B;3C;4B;5C;6C;7C;8C;9A;10A;11C;12A;13B;13B;14C;-;-;-;-;-;-;-;-;-;-;-;-;-
289;f;20;2;Nordrhein-Westfalen;;;;;;;;Moenchengladbach;x;41236;DEU;;-;-;-;-;1B;2C;none;4A;none;6B;7C;8C;9A;10B;11C;12A;13B;none;none;-;-;-;-;-;-;-;-;-;-;-;-;-
290;f;26;1;Niedersachsen;;;;;;;;Oldenburg (Oldenburg);-;26123;DEU;;-;-;-;-;1A;2B;3A;4C;5B;6B;7C;8B;9B;10C;11B;12B;13B;13B;14A;-;-;-;-;-;-;-;-;-;-;-;-;-
291;f;46;5;Berlin;;;;;;;;Berlin;x;12555;DEU;;-;-;-;-;none;none;none;none;none;none;none;none;none;none;none;none;none;none;none;-;-;-;-;-;-;-;-;-;-;-;-;-
292;f;39;4;Bayern;;;;;;;;Landshut;-;84030;DEU;;-;-;-;-;1B;2A;3C;4B;5A;6C;none;none;9A;10A;11A;12B;13B;13B;14C;-;-;-;-;-;-;-;-;-;-;-;-;-
293;f;22;3a;Hessen;;;;;;;;Darmstadt;x;64285;DEU;;-;-;-;-;none;2B;3C;4B;none;6C;7C;8C;none;10A;11C;none;13B;13B;none;-;-;-;-;-;-;-;-;-;-;-;-;-
294;f;22;1;Bremen;;;;;;;;Bremen;x;28755;DEU;;-;-;-;-;none;2B;3C;4B;5A;none;none;none;none;none;none;12B;13B;13B;none;-;-;-;-;-;-;-;-;-;-;-;-;-
295;f;19;1;Niedersachsen;;;;;;;;Oldenburg (Oldenburg);-;26123;DEU;;-;-;-;-;1A;2C;3B;4A;5B;6B;7A;8A;9B;10B;11A;12C;13B;13B;14C;-;-;-;-;-;-;-;-;-;-;-;-;-
296;f;61;3b;Baden-Wuerttemberg;;;;;;;;Kisslegg;-;88353;DEU;;-;-;-;-;1A;2C;3B;4B;5A;6C;7A;8A;9C;10C;11A;12A;13A;13B;14C;-;-;-;-;-;-;-;-;-;-;-;-;-
297;f;19;6;Brandenburg;;;;;;;;Luebben (Spreewald);-;15907;DEU;;-;-;-;-;1B;2A;3C;4B;5A;6C;none;none;9C;10A;11A;12B;13B;13B;14C;-;-;-;-;-;-;-;-;-;-;-;-;-
298;m;31;1;Niedersachsen;;;;;;;;Oldenburg (Oldenburg);-;26123;DEU;;-;-;-;-;1A;2A;3C;4B;5A;6C;7C;8A;9C;10A;11A;12B;13B;13A;14C;-;-;-;-;-;-;-;-;-;-;-;-;-
299;f;18;3b;Baden-Wuerttemberg;;;;;;;;Kisslegg;-;88353;DEU;;-;-;-;-;1C;2A;3A;4A;5A;6C;7C;8C;9C;10C;11A;12B;13B;13B;14C;-;-;-;-;-;-;-;-;-;-;-;-;-
300;f;25;1;Niedersachsen;;;;;;;;Oldenburg (Oldenburg);-;26123;DEU;;-;-;-;-;none;none;none;none;none;none;none;none;none;none;none;none;none;none;none;-;-;-;-;-;-;-;-;-;-;-;-;-
301;f;21;2;Nordrhein-Westfalen;;;;;;;;Moenchengladbach;x;41236;DEU;;-;-;-;-;1B;2C;3C;4C;5A;6A;7B;8A;9A;10C;11B;12B;13C;13C;14B;-;-;-;-;-;-;-;-;-;-;-;-;-
302;m;28;1;Niedersachsen;;;;;;;;Oldenburg (Oldenburg);-;26123;DEU;;-;-;-;-;-;-;-;-;-;-;-;-;-;-;-;-;-;-;-;none;16B;none;18B;19C;none;none;none;none;none;none;none;none
303;m;54;3a;Hessen;;;;;;;;Darmstadt;x;64285;DEU;;-;-;-;-;-;-;-;-;-;-;-;-;-;-;-;-;-;-;-;none;none;none;18A;none;none;none;none;none;none;none;none;none
304;m;47;2;Nordrhein-Westfalen;;;;;;;;Moenchengladbach;x;41236;DEU;;-;-;-;-;-;-;-;-;-;-;-;-;-;-;-;-;-;-;-;none;none;none;none;none;none;none;none;none;none;none;none;none
305;m;48;2;Nordrhein-Westfalen;;;;;;;;Moenchengladbach;x;41236;DEU;;-;-;-;-;-;-;-;-;-;-;-;-;-;-;-;-;-;-;-;15B;16B;17B;18B;19A;20C;21B;22C;23C;24B;25A;26B;27C
306;m;33;2;Nordrhein-Westfalen;;;;;;;;Moenchengladbach;x;41236;DEU;;-;-;-;-;-;-;-;-;-;-;-;-;-;-;-;-;-;-;-;15C;none;17C;18B;19A;20C;21B;22C;23C;24B;25B;26B;none
307;m;31;2;Nordrhein-Westfalen;;;;;;;;Moenchengladbach;x;41236;DEU;;-;-;-;-;-;-;-;-;-;-;-;-;-;-;-;-;-;-;-;15A;16B;none;18C;19C;20C;21A;22C;23B;24C;25B;26A;27C
308;m;33;3a;Hessen;;;;;;;;Darmstadt;x;64285;DEU;;-;-;-;-;-;-;-;-;-;-;-;-;-;-;-;-;-;-;-;15A;16B;17B;18B;19A;20C;21B;22C;23C;24B;25B;26B;27C
309;m;46;4;Bayern;;;;;;;;Landshut;-;84030;DEU;;-;-;-;-;-;-;-;-;-;-;-;-;-;-;-;-;-;-;-;15C;16C;17B;18A;19B;20A;21A;22B;23C;24A;25C;26C;27B
310;m;58;3a;Hessen;;;;;;;;Darmstadt;x;64285;DEU;;-;-;-;-;-;-;-;-;-;-;-;-;-;-;-;-;-;-;-;15B;16B;17B;18B;19A;20C;21B;22C;23C;24B;25B;26B;27C
311;m;27;2;Nordrhein-Westfalen;;;;;;;;Moenchengladbach;x;41236;DEU;;-;-;-;-;-;-;-;-;-;-;-;-;-;-;-;-;-;-;-;15A;16B;17B;18A;19C;20C;21A;22B;23C;24B;25C;26B;none
312;m;69;4;Bayern;;;;;;;;Landshut;-;84030;DEU;;-;-;-;-;-;-;-;-;-;-;-;-;-;-;-;-;-;-;-;15C;16B;17C;18A;19B;20A;21A;22B;23C;24A;25C;26C;27A
313;m;28;2;Nordrhein-Westfalen;;;;;;;;Moenchengladbach;x;41236;DEU;;-;-;-;-;-;-;-;-;-;-;-;-;-;-;-;-;-;-;-;15A;16B;none;18A;19C;20B;none;none;none;none;25C;none;none
314;m;52;2;Nordrhein-Westfalen;;;;;;;;Moenchengladbach;x;41236;DEU;;-;-;-;-;-;-;-;-;-;-;-;-;-;-;-;-;-;-;-;none;none;17B;18B;19B;none;21C;22B;23C;none;25A;26C;none
315;m;33;2;Nordrhein-Westfalen;;;;;;;;Moenchengladbach;x;41236;DEU;;-;-;-;-;-;-;-;-;-;-;-;-;-;-;-;-;-;-;-;15A;16B;none;none;19C;20B;none;none;none;none;25B;none;none
316;m;46;1;Niedersachsen;;;;;;;;Oldenburg (Oldenburg);-;26123;DEU;;-;-;-;-;-;-;-;-;-;-;-;-;-;-;-;-;-;-;-;none;none;17B;none;19B;none;none;22B;23C;none;25A;26C;27A
317;m;32;6;Mecklenburg-Vorpommern;;;;;;;;Greifswald;-;17491;DEU;;-;-;-;-;-;-;-;-;-;-;-;-;-;-;-;-;-;-;-;15C;16A;17B;18C;19A;20C;21B;22B;23C;24B;25A;26B;27B
318;m;51;3b;Baden-Wuerttemberg;;;;;;;;Kisslegg;-;88353;DEU;;-;-;-;-;-;-;-;-;-;-;-;-;-;-;-;-;-;-;-;15A;16B;17B;18A;19A;20C;21B;22B;23C;24B;25B;26B;27C
319;m;53;;;;;;;;;;;-;6800;DEU;;-;-;-;-;-;-;-;-;-;-;-;-;-;-;-;-;-;-;-;15C;16C;17B;18B;19B;20B;21A;22B;23C;none;25A;26C;27A
320;m;48;3a;Hessen;;;;;;;;Darmstadt;x;64285;DEU;;-;-;-;-;-;-;-;-;-;-;-;-;-;-;-;-;-;-;-;none;16B;none;18A;19C;20B;none;none;none;none;25C;none;none
321;f;48;5;Berlin;;;;;;;;Berlin;x;12555;DEU;;-;-;-;-;-;-;-;-;-;-;-;-;-;-;-;-;-;-;-;none;none;none;18B;19A;20C;21C;22C;none;24B;none;26B;none
322;m;51;;;;;;;;;;;-;1589;DEU;;-;-;-;-;-;-;-;-;-;-;-;-;-;-;-;-;-;-;-;15A;16B;17B;18B;19A;20C;21A;22C;23C;24B;25B;26A;27C
323;m;32;2;Nordrhein-Westfalen;;;;;;;;Moenchengladbach;x;41236;DEU;;-;-;-;-;-;-;-;-;-;-;-;-;-;-;-;-;-;-;-;15A;16B;17C;18A;19A;20A;21A;22C;23C;24B;25C;26B;27B
324;m;32;3a;Hessen;;;;;;;;Darmstadt;x;64285;DEU;;-;-;-;-;-;-;-;-;-;-;-;-;-;-;-;-;-;-;-;15B;16A;17B;18B;19B;20C;21C;22C;23C;24C;25A;26B;27A
325;f;45;2;Nordrhein-Westfalen;;;;;;;;Moenchengladbach;x;41236;DEU;;-;-;-;-;-;-;-;-;-;-;-;-;-;-;-;-;-;-;-;15A;16B;17B;18A;19A;20C;21C;22B;23C;24B;25B;26B;none
326;f;61;1;Niedersachsen;;;;;;;;Oldenburg (Oldenburg);-;26123;DEU;;-;-;-;-;-;-;-;-;-;-;-;-;-;-;-;-;-;-;-;15B;16C;17C;18B;19B;20B;21A;22B;23B;none;25A;26C;27A
327;m;25;3b;Baden-Wuerttemberg;;;;;;;;Kisslegg;-;88353;DEU;;-;-;-;-;-;-;-;-;-;-;-;-;-;-;-;-;-;-;-;15A;16B;17B;18A;19A;20C;21B;22B;23C;24B;25B;26B;27C
328;f;54;7;Thueringen;;;;;;;;Dornheim;-;99310;DEU;;-;-;-;-;-;-;-;-;-;-;-;-;-;-;-;-;-;-;-;15A;none;none;18A;19A;20C;21B;none;23C;24B;none;26B;none
329;f;61;5;Berlin;;;;;;;;Berlin;x;12555;DEU;;-;-;-;-;-;-;-;-;-;-;-;-;-;-;-;-;-;-;-;15C;16C;17C;18A;19B;20A;21C;22B;23C;24A;25C;26C;27A
330;m;26;4;Bayern;;;;;;;;Landshut;-;84030;DEU;;-;-;-;-;-;-;-;-;-;-;-;-;-;-;-;-;-;-;-;15A;16B;17B;18A;19A;20C;21B;22C;23C;24B;25B;26B;none
331;m;29;;;;;;;;;;;-;6800;DEU;;-;-;-;-;-;-;-;-;-;-;-;-;-;-;-;-;-;-;-;15A;16B;17B;18B;19A;20C;21B;22C;23C;24B;25A;26B;27C
332;m;36;1;Niedersachsen;;;;;;;;Oldenburg (Oldenburg);-;26123;DEU;;-;-;-;-;-;-;-;-;-;-;-;-;-;-;-;-;-;-;-;15A;16B;none;18A;19C;20B;none;none;none;none;25C;none;none
333;m;54;;;;;;;;;;;-;1589;DEU;;-;-;-;-;-;-;-;-;-;-;-;-;-;-;-;-;-;-;-;15C;none;17B;18B;19B;20C;21C;22B;23C;24B;25A;26B;27A
334;f;44;3a;Rheinland-Pfalz;;;;;;;;Worms;-;67549;DEU;;-;-;-;-;-;-;-;-;-;-;-;-;-;-;-;-;-;-;-;none;16B;none;18A;19C;none;none;none;none;none;25C;none;none
335;m;41;;;;;;;;;;;-;1589;DEU;;-;-;-;-;-;-;-;-;-;-;-;-;-;-;-;-;-;-;-;none;none;none;18B;19A;20C;21B;22C;none;24B;none;26B;none
336;f;68;1;Hamburg;;;;;;;;Hamburg;x;21077;DEU;;-;-;-;-;-;-;-;-;-;-;-;-;-;-;-;-;-;-;-;15B;16B;17B;18B;19C;20B;21A;22C;23C;24B;25B;26B;27C
337;m;71;6;Brandenburg;;;;;;;;Luebben (Spreewald);-;15907;DEU;;-;-;-;-;-;-;-;-;-;-;-;-;-;-;-;-;-;-;-;none;16C;17C;18C;19C;20B;none;none;23A;none;none;26B;27A
338;m;31;;;;;;;;;;;-;1589;DEU;;-;-;-;-;-;-;-;-;-;-;-;-;-;-;-;-;-;-;-;15B;16A;17B;18C;19B;20A;21A;22C;23C;24B;25A;26B;27A
339;m;17;3b;Baden-Wuerttemberg;;;;;;;;Kisslegg;-;88353;DEU;;-;-;-;-;-;-;-;-;-;-;-;-;-;-;-;-;-;-;-;15C;16C;17A;18C;19B;20A;21C;22A;23C;24C;25B;26A;27A
340;f;37;2;Nordrhein-Westfalen;;;;;;;;Moenchengladbach;x;41236;DEU;;-;-;-;-;-;-;-;-;-;-;-;-;-;-;-;-;-;-;-;15B;16A;17C;18C;19A;20B;21A;22C;23B;24B;25B;26C;27A
341;m;34;5;Berlin;;;;;;;;Berlin;x;12555;DEU;;-;-;-;-;-;-;-;-;-;-;-;-;-;-;-;-;-;-;-;15B;16B;none;none;19C;20B;21B;none;none;none;25B;none;none
342;m;40;;;;;;;;;;;-;6800;DEU;;-;-;-;-;-;-;-;-;-;-;-;-;-;-;-;-;-;-;-;15A;16B;none;18B;19C;20C;21B;22C;none;24B;25B;26B;27C
343;m;32;3a;Saarland;;;;;;;;Beckingen;-;66701;DEU;;-;-;-;-;-;-;-;-;-;-;-;-;-;-;-;-;-;-;-;15A;16B;17B;18A;19C;20B;21B;22C;23C;24B;25C;26B;27A
344;m;44;2;Nordrhein-Westfalen;;;;;;;;Moenchengladbach;x;41236;DEU;;-;-;-;-;-;-;-;-;-;-;-;-;-;-;-;-;-;-;-;15B;16B;17B;none;19C;20B;21A;none;none;none;25C;none;none
345;f;51;4;Bayern;;;;;;;;Landshut;-;84030;DEU;;-;-;-;-;-;-;-;-;-;-;-;-;-;-;-;-;-;-;-;15C;16C;17C;18C;19B;20C;21B;22C;23C;24B;25A;26B;27C
346;f;40;3b;Baden-Wuerttemberg;;;;;;;;Kisslegg;-;88353;DEU;;-;-;-;-;-;-;-;-;-;-;-;-;-;-;-;-;-;-;-;15B;16C;17A;18A;19C;20A;21A;22A;23C;24B;25A;26B;27A
347;m;29;;;;;;;;;;;-;6800;DEU;;-;-;-;-;-;-;-;-;-;-;-;-;-;-;-;-;-;-;-;15A;16B;none;18A;19C;20C;21B;22C;none;24B;25B;26B;27C
348;f;35;2;Nordrhein-Westfalen;;;;;;;;Moenchengladbach;x;41236;DEU;;-;-;-;-;-;-;-;-;-;-;-;-;-;-;-;-;-;-;-;15A;16B;17B;18A;19A;20C;21B;22C;23C;24B;25B;26B;none
349;m;48;1;Niedersachsen;;;;;;;;Oldenburg (Oldenburg);-;26123;DEU;;-;-;-;-;-;-;-;-;-;-;-;-;-;-;-;-;-;-;-;15A;16A;17A;18B;19A;20B;21C;22B;23B;24A;25B;26B;27B
350;m;34;1;Bremen;;;;;;;;Bremen;x;28755;DEU;;-;-;-;-;-;-;-;-;-;-;-;-;-;-;-;-;-;-;-;15B;16B;17B;18B;19C;20B;21C;22A;23C;24B;25B;26B;27A
351;m;43;1;Niedersachsen;;;;;;;;Oldenburg (Oldenburg);-;26123;DEU;;-;-;-;-;-;-;-;-;-;-;-;-;-;-;-;-;-;-;-;15C;16C;17A;18B;19B;20A;21A;22B;23C;24C;25A;26C;27A
352;m;41;1;Hamburg;;;;;;;;Hamburg;x;21077;DEU;;-;-;-;-;-;-;-;-;-;-;-;-;-;-;-;-;-;-;-;15A;none;none;18B;19A;20C;21B;22B;23C;24B;25A;26B;none
353;f;65;3b;Baden-Wuerttemberg;;;;;;;;Kisslegg;-;88353;DEU;;-;-;-;-;-;-;-;-;-;-;-;-;-;-;-;-;-;-;-;15C;16B;17C;18B;19B;20B;21A;22B;23B;24A;25A;26C;27A
354;m;48;3b;Baden-Wuerttemberg;;;;;;;;Kisslegg;-;88353;DEU;;-;-;-;-;-;-;-;-;-;-;-;-;-;-;-;-;-;-;-;none;none;none;none;none;none;none;none;none;none;none;none;none
355;f;36;2;Nordrhein-Westfalen;;;;;;;;Moenchengladbach;x;41236;DEU;;-;-;-;-;-;-;-;-;-;-;-;-;-;-;-;-;-;-;-;15A;16B;none;none;19C;20B;none;none;none;none;25B;none;none
356;m;42;2;Nordrhein-Westfalen;;;;;;;;Moenchengladbach;x;41236;DEU;;-;-;-;-;-;-;-;-;-;-;-;-;-;-;-;-;-;-;-;15A;16B;17B;18B;19A;20C;21B;22C;23C;24B;25B;26B;27C
357;m;22;6;Mecklenburg-Vorpommern;;;;;;;;Greifswald;-;17491;DEU;;-;-;-;-;-;-;-;-;-;-;-;-;-;-;-;-;-;-;-;15A;16B;17B;18A;19A;20A;21B;22B;23C;24B;25C;26A;27C
358;f;35;2;Nordrhein-Westfalen;;;;;;;;Moenchengladbach;x;41236;DEU;;-;-;-;-;-;-;-;-;-;-;-;-;-;-;-;-;-;-;-;15A;16B;none;18B;19A;20C;21B;22C;23C;24B;25B;26B;27C
359;m;27;2;Nordrhein-Westfalen;;;;;;;;Moenchengladbach;x;41236;DEU;;-;-;-;-;-;-;-;-;-;-;-;-;-;-;-;-;-;-;-;15B;16C;17A;18B;19C;20B;21B;22B;23B;24A;25A;26A;27A
360;m;25;4;Bayern;;;;;;;;Landshut;-;84030;DEU;;-;-;-;-;-;-;-;-;-;-;-;-;-;-;-;-;-;-;-;15A;16B;17A;18A;19B;20A;21A;22B;23C;24C;25C;26A;27A
361;m;53;2;Nordrhein-Westfalen;;;;;;;;Moenchengladbach;x;41236;DEU;;-;-;-;-;-;-;-;-;-;-;-;-;-;-;-;-;-;-;-;15A;16B;17B;18A;19A;20C;21B;22C;23C;24B;25B;26B;27C
362;m;35;1;Schleswig-Holstein;;;;;;;;Worth;-;21502;DEU;;-;-;-;-;-;-;-;-;-;-;-;-;-;-;-;-;-;-;-;15A;16B;none;18A;19B;none;21A;22B;23C;24B;25C;none;27C
363;m;36;1;Niedersachsen;;;;;;;;Oldenburg (Oldenburg);-;26123;DEU;;-;-;-;-;-;-;-;-;-;-;-;-;-;-;-;-;-;-;-;15B;16A;17A;18C;19A;20B;21B;22B;23B;24B;25C;26C;27C
364;m;45;3a;Rheinland-Pfalz;;;;;;;;Worms;-;67549;DEU;;-;-;-;-;-;-;-;-;-;-;-;-;-;-;-;-;-;-;-;none;none;17B;18B;19A;20C;21B;22B;23C;24B;25A;26B;none
365;m;66;1;Schleswig-Holstein;;;;;;;;Worth;-;21502;DEU;;-;-;-;-;-;-;-;-;-;-;-;-;-;-;-;-;-;-;-;15A;16A;17C;18A;19B;20B;21C;22A;23B;24B;25A;26B;27B
366;f;40;1;Niedersachsen;;;;;;;;Oldenburg (Oldenburg);-;26123;DEU;;-;-;-;-;-;-;-;-;-;-;-;-;-;-;-;-;-;-;-;none;none;none;none;none;none;21A;22B;23C;none;none;none;none
367;f;39;2;Nordrhein-Westfalen;;;;;;;;Moenchengladbach;x;41236;DEU;;-;-;-;-;-;-;-;-;-;-;-;-;-;-;-;-;-;-;-;15A;16B;17B;18B;19A;20C;21B;22C;23C;24B;25B;26B;27C
368;m;46;1;Schleswig-Holstein;;;;;;;;Worth;-;21502;DEU;;-;-;-;-;-;-;-;-;-;-;-;-;-;-;-;-;-;-;-;15A;16B;17B;18B;19A;20C;21B;22C;23C;24B;25B;26B;27C
369;f;40;2;Nordrhein-Westfalen;;;;;;;;Moenchengladbach;x;41236;DEU;;-;-;-;-;-;-;-;-;-;-;-;-;-;-;-;-;-;-;-;15B;16B;17B;18B;19A;20C;21B;22C;23C;24B;25B;26B;27A
370;f;53;3a;Hessen;;;;;;;;Darmstadt;x;64285;DEU;;-;-;-;-;-;-;-;-;-;-;-;-;-;-;-;-;-;-;-;none;16B;17B;18A;19C;20B;21A;22B;23C;none;25A;none;none
371;f;36;4;Bayern;;;;;;;;Landshut;-;84030;DEU;;-;-;-;-;-;-;-;-;-;-;-;-;-;-;-;-;-;-;-;15A;16B;17B;18B;19A;20C;21B;22C;23C;24B;25B;26B;27C
372;f;42;5;Berlin;;;;;;;;Berlin;x;12555;DEU;;-;-;-;-;-;-;-;-;-;-;-;-;-;-;-;-;-;-;-;15A;16B;17B;18A;19A;20C;21A;22B;23C;24B;25A;26B;none
373;m;18;;;;;;;;;;;-;6800;DEU;;-;-;-;-;-;-;-;-;-;-;-;-;-;-;-;-;-;-;-;15C;16B;17C;18B;19C;20B;21A;22C;23B;24C;25A;26A;27C
374;f;39;1;Niedersachsen;;;;;;;;Oldenburg (Oldenburg);-;26123;DEU;;-;-;-;-;-;-;-;-;-;-;-;-;-;-;-;-;-;-;-;15A;16B;17B;18B;19B;20A;21B;22B;23C;24A;25C;26A;27C
375;f;71;6;Mecklenburg-Vorpommern;;;;;;;;Greifswald;-;17491;DEU;;-;-;-;-;-;-;-;-;-;-;-;-;-;-;-;-;-;-;-;15A;none;none;18A;19A;20A;21C;22B;23C;24B;25C;26A;27C
376;m;47;5;Berlin;;;;;;;;Berlin;x;12555;DEU;;-;-;-;-;-;-;-;-;-;-;-;-;-;-;-;-;-;-;-;15A;16C;17B;18B;19C;20A;21A;22B;23A;24A;25A;26A;27B
377;f;43;3a;Hessen;;;;;;;;Darmstadt;x;64285;DEU;;-;-;-;-;-;-;-;-;-;-;-;-;-;-;-;-;-;-;-;15C;16B;17B;18B;19C;20B;21A;22A;23B;24A;25B;26A;27B
378;f;43;2;Nordrhein-Westfalen;;;;;;;;Moenchengladbach;x;41236;DEU;;-;-;-;-;-;-;-;-;-;-;-;-;-;-;-;-;-;-;-;none;none;none;none;none;none;none;none;none;none;none;none;none
379;m;23;6;Mecklenburg-Vorpommern;;;;;;;;Greifswald;-;17491;DEU;;-;-;-;-;-;-;-;-;-;-;-;-;-;-;-;-;-;-;-;15B;16A;17C;18A;19B;20A;21A;22B;23C;24A;25B;26C;27C
380;m;24;3b;Baden-Wuerttemberg;;;;;;;;Kisslegg;-;88353;DEU;;-;-;-;-;-;-;-;-;-;-;-;-;-;-;-;-;-;-;-;none;none;17B;18B;19C;20B;21A;22A;none;none;25B;none;27A
381;m;45;3a;Hessen;;;;;;;;Darmstadt;x;64285;DEU;;-;-;-;-;-;-;-;-;-;-;-;-;-;-;-;-;-;-;-;15A;16C;17C;18A;19C;20B;21B;22C;23C;24C;25B;26A;27C
382;f;57;1;Schleswig-Holstein;;;;;;;;Worth;-;21502;DEU;;-;-;-;-;-;-;-;-;-;-;-;-;-;-;-;-;-;-;-;15C;16B;17B;18B;19B;20C;21A;22B;23C;24B;25A;26B;27A
383;m;33;3b;Baden-Wuerttemberg;;;;;;;;Kisslegg;-;88353;DEU;;-;-;-;-;-;-;-;-;-;-;-;-;-;-;-;-;-;-;-;15B;16B;17B;18B;19A;20B;21B;22C;23C;24B;25A;26B;27C
384;f;73;5;Berlin;;;;;;;;Berlin;x;12555;DEU;;-;-;-;-;-;-;-;-;-;-;-;-;-;-;-;-;-;-;-;15C;16B;17B;18B;19C;20C;21C;22B;23C;24B;25A;26B;27A
385;m;21;4;Bayern;;;;;;;;Landshut;-;84030;DEU;;-;-;-;-;-;-;-;-;-;-;-;-;-;-;-;-;-;-;-;15A;16B;17B;18B;19C;20B;21B;22C;23C;24B;25C;26B;none
386;f;47;3b;Baden-Wuerttemberg;;;;;;;;Kisslegg;-;88353;DEU;;-;-;-;-;-;-;-;-;-;-;-;-;-;-;-;-;-;-;-;none;none;17B;18B;none;none;21A;22B;23C;24A;25A;none;none
387;m;40;4;Bayern;;;;;;;;Landshut;-;84030;DEU;;-;-;-;-;-;-;-;-;-;-;-;-;-;-;-;-;-;-;-;none;16C;none;18C;19B;20A;21B;none;23A;24C;25A;26A;27B
388;m;20;4;Bayern;;;;;;;;Landshut;-;84030;DEU;;-;-;-;-;-;-;-;-;-;-;-;-;-;-;-;-;-;-;-;15A;16C;17A;18C;19A;20C;21B;22B;23A;24C;25B;26A;27C
389;m;46;1;Niedersachsen;;;;;;;;Oldenburg (Oldenburg);-;26123;DEU;;-;-;-;-;-;-;-;-;-;-;-;-;-;-;-;-;-;-;-;15A;16B;none;18A;19C;20B;21B;22C;none;none;25C;none;27C
390;m;40;;;;;;;;;;;-;1589;DEU;;-;-;-;-;-;-;-;-;-;-;-;-;-;-;-;-;-;-;-;15C;none;17B;18B;19B;none;21A;22A;23B;none;25A;26C;27A
391;m;22;2;Nordrhein-Westfalen;;;;;;;;Moenchengladbach;x;41236;DEU;;-;-;-;-;-;-;-;-;-;-;-;-;-;-;-;-;-;-;-;none;16B;none;none;none;20B;none;none;none;none;25B;none;none
392;m;21;4;Bayern;;;;;;;;Landshut;-;84030;DEU;;-;-;-;-;-;-;-;-;-;-;-;-;-;-;-;-;-;-;-;15A;16B;17B;18B;19C;20C;21A;22B;23C;24B;25C;26B;27C
393;m;36;5;Berlin;;;;;;;;Berlin;x;12555;DEU;;-;-;-;-;-;-;-;-;-;-;-;-;-;-;-;-;-;-;-;15C;none;17B;18B;19B;20C;21A;22A;23B;24B;25A;26B;27C
394;m;59;2;Nordrhein-Westfalen;;;;;;;;Moenchengladbach;x;41236;DEU;;-;-;-;-;-;-;-;-;-;-;-;-;-;-;-;-;-;-;-;15B;none;none;18C;19C;20C;21B;22C;23B;24B;25B;26B;27C
395;m;37;3a;Rheinland-Pfalz;;;;;;;;Worms;-;67549;DEU;;-;-;-;-;-;-;-;-;-;-;-;-;-;-;-;-;-;-;-;15A;16B;17B;18A;19A;20C;21A;22B;23C;24B;25C;26B;27C
396;m;49;3b;Baden-Wuerttemberg;;;;;;;;Kisslegg;-;88353;DEU;;-;-;-;-;-;-;-;-;-;-;-;-;-;-;-;-;-;-;-;15A;16B;none;18B;19A;none;21B;22A;23C;24B;none;26A;27C
397;f;56;1;Schleswig-Holstein;;;;;;;;Worth;-;21502;DEU;;-;-;-;-;-;-;-;-;-;-;-;-;-;-;-;-;-;-;-;none;none;17B;18C;19A;20C;21A;22B;23C;24B;25A;26B;none
398;f;54;3b;Baden-Wuerttemberg;;;;;;;;Kisslegg;-;88353;DEU;;-;-;-;-;-;-;-;-;-;-;-;-;-;-;-;-;-;-;-;none;none;17B;18B;none;none;21C;22B;23C;none;25A;none;none
399;m;39;1;Bremen;;;;;;;;Bremen;x;28755;DEU;;-;-;-;-;-;-;-;-;-;-;-;-;-;-;-;-;-;-;-;15C;16A;17A;18B;19C;20B;21C;22A;23B;24C;25C;26C;27C
400;f;39;;;;;;;;;;;-;1589;DEU;;-;-;-;-;-;-;-;-;-;-;-;-;-;-;-;-;-;-;-;15A;16B;17B;18A;19A;20C;21B;22C;23C;24B;25B;26B;27C
401;m;38;1;Niedersachsen;;;;;;;;Oldenburg (Oldenburg);-;26123;DEU;;-;-;-;-;-;-;-;-;-;-;-;-;-;-;-;-;-;-;-;15C;16B;17C;18B;19C;20A;21B;22B;23B;24A;25A;26A;27B
402;m;30;4;Bayern;;;;;;;;Landshut;-;84030;DEU;;-;-;-;-;-;-;-;-;-;-;-;-;-;-;-;-;-;-;-;none;none;none;18B;19A;none;21A;none;none;none;25B;none;none
403;m;21;2;Nordrhein-Westfalen;;;;;;;;Moenchengladbach;x;41236;DEU;;-;-;-;-;-;-;-;-;-;-;-;-;-;-;-;-;-;-;-;15A;16B;17B;18A;19C;20C;21A;22B;23C;24B;25B;26B;27C
404;m;18;1;Niedersachsen;;;;;;;;Oldenburg (Oldenburg);-;26123;DEU;;-;-;-;-;-;-;-;-;-;-;-;-;-;-;-;-;-;-;-;15C;16B;17B;18A;19C;20C;21B;22C;23C;24A;25C;26A;27C
405;f;43;2;Nordrhein-Westfalen;;;;;;;;Moenchengladbach;x;41236;DEU;;-;-;-;-;-;-;-;-;-;-;-;-;-;-;-;-;-;-;-;15B;16B;17B;none;19C;20C;none;22B;none;none;25B;26B;none
406;m;51;2;Nordrhein-Westfalen;;;;;;;;Moenchengladbach;x;41236;DEU;;-;-;-;-;-;-;-;-;-;-;-;-;-;-;-;-;-;-;-;15B;16C;17B;18C;19A;20B;21B;22C;23A;24B;25C;26B;27C
407;m;45;1;Schleswig-Holstein;;;;;;;;Worth;-;21502;DEU;;-;-;-;-;-;-;-;-;-;-;-;-;-;-;-;-;-;-;-;none;16B;none;18B;19C;none;21C;none;23C;none;25A;none;none
408;m;18;1;Schleswig-Holstein;;;;;;;;Worth;-;21502;DEU;;-;-;-;-;-;-;-;-;-;-;-;-;-;-;-;-;-;-;-;15A;16B;17B;18A;19A;20C;21B;22C;23C;24B;25B;26B;27C
409;m;27;2;Nordrhein-Westfalen;;;;;;;;Moenchengladbach;x;41236;DEU;;-;-;-;-;-;-;-;-;-;-;-;-;-;-;-;-;-;-;-;none;none;none;none;none;none;none;none;none;none;none;none;none
410;m;16;2;Nordrhein-Westfalen;;;;;;;;Moenchengladbach;x;41236;DEU;;-;-;-;-;-;-;-;-;-;-;-;-;-;-;-;-;-;-;-;15A;16B;none;18B;19A;20C;21B;22C;none;24B;none;26B;none
411;m;31;3a;Hessen;;;;;;;;Darmstadt;x;64285;DEU;;-;-;-;-;-;-;-;-;-;-;-;-;-;-;-;-;-;-;-;15A;16B;17B;18B;19A;20C;21B;22B;23C;24B;25C;26A;27C
412;m;17;4;Bayern;;;;;;;;Landshut;-;84030;DEU;;-;-;-;-;-;-;-;-;-;-;-;-;-;-;-;-;-;-;-;15C;16B;17B;18B;19C;20B;21A;22A;23C;24B;25A;26B;27A
413;f;38;;;;;;;;;;;-;6800;DEU;;-;-;-;-;-;-;-;-;-;-;-;-;-;-;-;-;-;-;-;15A;16A;17A;18C;19B;20C;21B;22A;23C;24A;25B;26B;27B
414;f;37;1;Schleswig-Holstein;;;;;;;;Worth;-;21502;DEU;;-;-;-;-;-;-;-;-;-;-;-;-;-;-;-;-;-;-;-;15C;none;17B;18B;19A;20C;21B;22C;23C;24B;25A;26B;27C
415;f;35;;;;;;;;;;;-;6800;DEU;;-;-;-;-;-;-;-;-;-;-;-;-;-;-;-;-;-;-;-;none;16B;none;18A;none;none;21C;none;none;none;none;none;none
416;f;39;1;Niedersachsen;;;;;;;;Oldenburg (Oldenburg);-;26123;DEU;;-;-;-;-;-;-;-;-;-;-;-;-;-;-;-;-;-;-;-;15A;16B;none;18C;19A;20C;21B;22B;23B;24B;25C;26A;27C
417;f;38;7;Thueringen;;;;;;;;Dornheim;-;99310;DEU;;-;-;-;-;-;-;-;-;-;-;-;-;-;-;-;-;-;-;-;15C;16A;none;18C;19A;20C;21B;22C;23B;24A;none;26A;27C
418;f;42;1;Schleswig-Holstein;;;;;;;;Worth;-;21502;DEU;;-;-;-;-;-;-;-;-;-;-;-;-;-;-;-;-;-;-;-;15A;16B;17B;18A;19C;20B;21C;22B;23C;24B;25C;26B;27A
419;f;26;3b;Baden-Wuerttemberg;;;;;;;;Kisslegg;-;88353;DEU;;-;-;-;-;-;-;-;-;-;-;-;-;-;-;-;-;-;-;-;15C;16B;17B;18B;19A;20C;21A;22B;23B;24B;25A;26B;27A
420;f;39;6;Brandenburg;;;;;;;;Luebben (Spreewald);-;15907;DEU;;-;-;-;-;-;-;-;-;-;-;-;-;-;-;-;-;-;-;-;15C;16A;17C;18B;19B;20C;21B;22C;23B;24C;25B;26B;27A
421;f;28;2;Nordrhein-Westfalen;;;;;;;;Moenchengladbach;x;41236;DEU;;-;-;-;-;-;-;-;-;-;-;-;-;-;-;-;-;-;-;-;15A;16B;17B;18A;19C;20C;21C;22C;23C;24B;25C;26B;none
422;m;41;;;;;;;;;;;-;1589;DEU;;-;-;-;-;-;-;-;-;-;-;-;-;-;-;-;-;-;-;-;none;16B;17A;18A;19B;20A;21A;22B;23C;24A;25C;26A;27B
423;f;30;4;Bayern;;;;;;;;Landshut;-;84030;DEU;;-;-;-;-;-;-;-;-;-;-;-;-;-;-;-;-;-;-;-;none;16C;17B;18A;19B;20A;none;22B;23C;none;25A;26C;27A
424;m;37;;;;;;;;;;;-;6800;DEU;;-;-;-;-;-;-;-;-;-;-;-;-;-;-;-;-;-;-;-;15A;16B;17C;18C;19A;20C;21B;22C;23B;24B;25B;26B;27C
425;f;26;3a;Rheinland-Pfalz;;;;;;;;Worms;-;67549;DEU;;-;-;-;-;-;-;-;-;-;-;-;-;-;-;-;-;-;-;-;none;none;none;none;none;none;none;none;none;none;none;none;none
426;f;44;6;Brandenburg;;;;;;;;Luebben (Spreewald);-;15907;DEU;;-;-;-;-;-;-;-;-;-;-;-;-;-;-;-;-;-;-;-;15A;16B;17B;18B;19A;20C;21B;22C;23C;24B;25B;26B;27C
427;m;45;5;Berlin;;;;;;;;Berlin;x;12555;DEU;;-;-;-;-;-;-;-;-;-;-;-;-;-;-;-;-;-;-;-;15A;16C;17B;18B;19A;20B;21C;22C;23C;24A;25B;26A;27C
428;f;37;1;Niedersachsen;;;;;;;;Oldenburg (Oldenburg);-;26123;DEU;;-;-;-;-;-;-;-;-;-;-;-;-;-;-;-;-;-;-;-;15B;16B;none;18A;none;none;none;22A;23A;24C;25C;26B;27C
429;m;19;1;Niedersachsen;;;;;;;;Oldenburg (Oldenburg);-;26123;DEU;;-;-;-;-;-;-;-;-;-;-;-;-;-;-;-;-;-;-;-;15A;16B;17B;18A;19C;20B;21C;22B;23C;none;25C;none;none
430;m;53;4;Bayern;;;;;;;;Landshut;-;84030;DEU;;-;-;-;-;-;-;-;-;-;-;-;-;-;-;-;-;-;-;-;15A;16B;17B;18A;19A;20A;21B;22B;23C;24C;25C;26A;27B
431;f;26;1;Niedersachsen;;;;;;;;Oldenburg (Oldenburg);-;26123;DEU;;-;-;-;-;-;-;-;-;-;-;-;-;-;-;-;-;-;-;-;15C;16B;17C;18B;19B;20C;21A;22A;23B;24B;25A;26C;27A
432;m;27;1;Niedersachsen;;;;;;;;Oldenburg (Oldenburg);-;26123;DEU;;-;-;-;-;-;-;-;-;-;-;-;-;-;-;-;-;-;-;-;15C;16B;17C;18B;19B;20C;21C;22A;23B;24B;25A;26C;27C
433;f;60;6;Brandenburg;;;;;;;;Luebben (Spreewald);-;15907;DEU;;-;-;-;-;-;-;-;-;-;-;-;-;-;-;-;-;-;-;-;15A;16A;17A;18C;19A;20A;21B;22C;23A;24A;25C;26A;27B
434;m;64;2;Nordrhein-Westfalen;;;;;;;;Moenchengladbach;x;41236;DEU;;-;-;-;-;-;-;-;-;-;-;-;-;-;-;-;-;-;-;-;15C;16B;17B;18B;19A;20A;21A;22B;23A;24A;25C;26A;27B
435;m;26;4;Bayern;;;;;;;;Landshut;-;84030;DEU;;-;-;-;-;-;-;-;-;-;-;-;-;-;-;-;-;-;-;-;15C;none;17C;18B;19B;20C;21B;22A;23B;24B;25A;26C;27C
436;m;19;3b;Baden-Wuerttemberg;;;;;;;;Kisslegg;-;88353;DEU;;-;-;-;-;-;-;-;-;-;-;-;-;-;-;-;-;-;-;-;15A;16B;17B;18A;19C;20B;21B;22C;23C;24B;25B;26B;27C
437;m;41;2;Nordrhein-Westfalen;;;;;;;;Moenchengladbach;x;41236;DEU;;-;-;-;-;-;-;-;-;-;-;-;-;-;-;-;-;-;-;-;15B;16B;17B;18B;19A;20C;21B;22C;23C;24B;25B;26B;none
438;f;47;1;Schleswig-Holstein;;;;;;;;Worth;-;21502;DEU;;-;-;-;-;-;-;-;-;-;-;-;-;-;-;-;-;-;-;-;none;none;17B;18B;19A;20C;21A;22B;23C;24B;25A;26B;none
439;f;46;3b;Baden-Wuerttemberg;;;;;;;;Kisslegg;-;88353;DEU;;-;-;-;-;-;-;-;-;-;-;-;-;-;-;-;-;-;-;-;15C;none;17B;18B;19A;20C;21B;22C;23C;24B;25A;26B;27C
440;m;25;4;Bayern;;;;;;;;Landshut;-;84030;DEU;;-;-;-;-;-;-;-;-;-;-;-;-;-;-;-;-;-;-;-;15B;16C;17B;18B;19C;20C;21A;22B;23C;24C;25A;26B;27A
441;m;22;3a;Rheinland-Pfalz;;;;;;;;Worms;-;67549;DEU;;-;-;-;-;-;-;-;-;-;-;-;-;-;-;-;-;-;-;-;none;16B;none;18A;19C;20B;21A;none;none;none;25C;none;none
442;m;20;;;;;;;;;;;-;1589;DEU;;-;-;-;-;-;-;-;-;-;-;-;-;-;-;-;-;-;-;-;15A;16B;17B;18B;19A;20C;21A;22C;23C;24B;25B;26B;none
443;m;19;2;Nordrhein-Westfalen;;;;;;;;Moenchengladbach;x;41236;DEU;;-;-;-;-;-;-;-;-;-;-;-;-;-;-;-;-;-;-;-;none;16B;17B;18A;19A;none;21A;22B;23C;24B;25C;26B;none
444;f;47;2;Nordrhein-Westfalen;;;;;;;;Moenchengladbach;x;41236;DEU;;-;-;-;-;-;-;-;-;-;-;-;-;-;-;-;-;-;-;-;15A;16B;none;18B;19A;20C;21B;22B;23C;24B;25B;26B;none
445;f;41;1;Niedersachsen;;;;;;;;Oldenburg (Oldenburg);-;26123;DEU;;-;-;-;-;-;-;-;-;-;-;-;-;-;-;-;-;-;-;-;15C;16B;17B;18B;19A;20A;21A;22C;23C;24A;25C;26A;27C
446;m;38;;;;;;;;;;;-;1589;DEU;;-;-;-;-;-;-;-;-;-;-;-;-;-;-;-;-;-;-;-;none;none;none;none;none;none;none;none;none;none;none;none;none
447;f;36;2;Nordrhein-Westfalen;;;;;;;;Moenchengladbach;x;41236;DEU;;-;-;-;-;-;-;-;-;-;-;-;-;-;-;-;-;-;-;-;none;none;17B;18B;none;none;21A;22B;23C;none;25A;none;none
448;f;28;5;Berlin;;;;;;;;Berlin;x;12555;DEU;;-;-;-;-;-;-;-;-;-;-;-;-;-;-;-;-;-;-;-;15B;16C;17B;18B;19C;20B;21C;22B;23C;24B;25B;26B;27B
449;m;44;5;Berlin;;;;;;;;Berlin;x;12555;DEU;;-;-;-;-;-;-;-;-;-;-;-;-;-;-;-;-;-;-;-;15B;16B;17B;18C;19A;20C;21B;22C;23A;24B;25A;26B;27C
450;f;30;;;;;;;;;;;-;1589;DEU;;-;-;-;-;-;-;-;-;-;-;-;-;-;-;-;-;-;-;-;15C;none;17C;18B;19A;20C;21B;22B;23B;24B;25B;26B;27C
451;f;34;;;;;;;;;;;-;6800;DEU;;-;-;-;-;-;-;-;-;-;-;-;-;-;-;-;-;-;-;-;none;16B;none;none;19A;20C;21B;22C;none;24B;25B;26B;none
452;m;31;4;Bayern;;;;;;;;Landshut;-;84030;DEU;;-;-;-;-;-;-;-;-;-;-;-;-;-;-;-;-;-;-;-;15A;16B;17B;18A;19C;20B;21A;22B;23C;24B;25C;26C;27A
453;f;28;2;Nordrhein-Westfalen;;;;;;;;Moenchengladbach;x;41236;DEU;;-;-;-;-;-;-;-;-;-;-;-;-;-;-;-;-;-;-;-;15A;16B;17B;18B;19A;20C;21A;22B;23C;24B;25B;26B;none
454;f;58;3a;Hessen;;;;;;;;Darmstadt;x;64285;DEU;;-;-;-;-;-;-;-;-;-;-;-;-;-;-;-;-;-;-;-;none;none;none;none;none;none;none;none;none;none;none;none;none
455;m;27;6;Mecklenburg-Vorpommern;;;;;;;;Greifswald;-;17491;DEU;;-;-;-;-;-;-;-;-;-;-;-;-;-;-;-;-;-;-;-;15A;16A;17B;18C;19B;20C;21A;22C;23C;24B;25A;26B;27C
456;m;52;1;Niedersachsen;;;;;;;;Oldenburg (Oldenburg);-;26123;DEU;;-;-;-;-;-;-;-;-;-;-;-;-;-;-;-;-;-;-;-;none;16B;none;18A;19C;20B;none;none;none;none;25C;none;none
457;f;28;4;Bayern;;;;;;;;Landshut;-;84030;DEU;;-;-;-;-;-;-;-;-;-;-;-;-;-;-;-;-;-;-;-;15B;16C;17B;18A;none;20A;21B;22C;none;24A;25C;26A;27A
458;f;53;1;Schleswig-Holstein;;;;;;;;Worth;-;21502;DEU;;-;-;-;-;-;-;-;-;-;-;-;-;-;-;-;-;-;-;-;15A;16B;17B;18C;19A;20C;21B;22C;none;24B;25B;26B;27C
459;f;63;1;Niedersachsen;;;;;;;;Oldenburg (Oldenburg);-;26123;DEU;;-;-;-;-;-;-;-;-;-;-;-;-;-;-;-;-;-;-;-;15C;16B;17B;18A;19C;20B;21C;22B;23C;24B;25A;26B;27A
460;f;51;4;Bayern;;;;;;;;Landshut;-;84030;DEU;;-;-;-;-;-;-;-;-;-;-;-;-;-;-;-;-;-;-;-;15A;16C;17B;18B;19A;20C;21A;22B;23C;24B;25A;26B;27C
461;f;32;1;Niedersachsen;;;;;;;;Oldenburg (Oldenburg);-;26123;DEU;;-;-;-;-;-;-;-;-;-;-;-;-;-;-;-;-;-;-;-;15A;16B;17B;18B;19A;none;21A;22B;23C;24B;25C;none;none
462;m;47;2;Nordrhein-Westfalen;;;;;;;;Moenchengladbach;x;41236;DEU;;-;-;-;-;-;-;-;-;-;-;-;-;-;-;-;-;-;-;-;15B;16C;17B;18B;19C;20C;21C;22C;23A;24B;25B;26B;27A
463;f;35;4;Bayern;;;;;;;;Landshut;-;84030;DEU;;-;-;-;-;-;-;-;-;-;-;-;-;-;-;-;-;-;-;-;15A;16B;17B;18A;19A;20C;21B;22C;23C;24B;25B;26A;27C
464;m;30;1;Schleswig-Holstein;;;;;;;;Worth;-;21502;DEU;;-;-;-;-;-;-;-;-;-;-;-;-;-;-;-;-;-;-;-;15C;16C;17C;18A;19B;20B;21A;22B;23B;24C;25C;26C;27A
465;f;32;2;Nordrhein-Westfalen;;;;;;;;Moenchengladbach;x;41236;DEU;;-;-;-;-;-;-;-;-;-;-;-;-;-;-;-;-;-;-;-;none;16C;17B;18A;19B;20A;none;22B;23C;none;25A;26C;27B
466;f;43;4;Bayern;;;;;;;;Landshut;-;84030;DEU;;-;-;-;-;-;-;-;-;-;-;-;-;-;-;-;-;-;-;-;none;16B;none;none;none;none;none;none;none;none;25C;none;none
467;f;33;4;Bayern;;;;;;;;Landshut;-;84030;DEU;;-;-;-;-;-;-;-;-;-;-;-;-;-;-;-;-;-;-;-;15C;none;17B;18B;19B;none;21C;22B;23C;none;25A;26C;27A
468;f;47;3a;Hessen;;;;;;;;Darmstadt;x;64285;DEU;;-;-;-;-;-;-;-;-;-;-;-;-;-;-;-;-;-;-;-;none;none;none;none;none;none;none;none;none;24C;none;26A;none
469;m;50;2;Nordrhein-Westfalen;;;;;;;;Moenchengladbach;x;41236;DEU;;-;-;-;-;-;-;-;-;-;-;-;-;-;-;-;-;-;-;-;15B;16B;17C;18A;19C;20C;21A;22C;23A;24B;25C;26B;none
470;f;16;1;Niedersachsen;;;;;;;;Oldenburg (Oldenburg);-;26123;DEU;;-;-;-;-;-;-;-;-;-;-;-;-;-;-;-;-;-;-;-;15A;16B;17B;18A;19C;20B;21A;22B;23C;24B;25B;26B;27C
471;m;19;5;Berlin;;;;;;;;Berlin;x;12555;DEU;;-;-;-;-;-;-;-;-;-;-;-;-;-;-;-;-;-;-;-;15A;16B;17B;18B;19A;20A;21C;22B;23A;24C;25A;26A;27A
472;f;26;2;Nordrhein-Westfalen;;;;;;;;Moenchengladbach;x;41236;DEU;;-;-;-;-;-;-;-;-;-;-;-;-;-;-;-;-;-;-;-;15C;16A;17C;18C;19C;20B;21A;22B;23C;24A;25B;26C;27A
473;f;30;3a;Rheinland-Pfalz;;;;;;;;Worms;-;67549;DEU;;-;-;-;-;-;-;-;-;-;-;-;-;-;-;-;-;-;-;-;15A;16B;17B;18B;19A;20C;21B;22B;23C;24B;25A;26B;none
474;m;48;4;Bayern;;;;;;;;Landshut;-;84030;DEU;;-;-;-;-;-;-;-;-;-;-;-;-;-;-;-;-;-;-;-;none;16B;none;18B;19C;20B;none;none;none;none;none;none;none
475;m;31;1;Niedersachsen;;;;;;;;Oldenburg (Oldenburg);-;26123;DEU;;-;-;-;-;-;-;-;-;-;-;-;-;-;-;-;-;-;-;-;15A;16B;17B;18B;19A;20B;21B;22C;23B;24B;25B;26B;27C
476;f;25;2;Nordrhein-Westfalen;;;;;;;;Moenchengladbach;x;41236;DEU;;-;-;-;-;-;-;-;-;-;-;-;-;-;-;-;-;-;-;-;15A;16B;none;18A;19A;20C;21A;22B;23C;24B;25B;26B;none
477;f;49;2;Nordrhein-Westfalen;;;;;;;;Moenchengladbach;x;41236;DEU;;-;-;-;-;-;-;-;-;-;-;-;-;-;-;-;-;-;-;-;15A;16B;17A;18C;19B;20C;21B;22A;23B;24B;25B;26B;27C
478;m;22;3b;Baden-Wuerttemberg;;;;;;;;Kisslegg;-;88353;DEU;;-;-;-;-;-;-;-;-;-;-;-;-;-;-;-;-;-;-;-;15A;none;none;18A;19C;none;none;none;none;none;25C;none;none
479;m;40;2;Nordrhein-Westfalen;;;;;;;;Moenchengladbach;x;41236;DEU;;-;-;-;-;-;-;-;-;-;-;-;-;-;-;-;-;-;-;-;15A;16B;17B;18B;19C;20B;21C;22C;23C;24B;25C;26B;none
480;f;45;2;Nordrhein-Westfalen;;;;;;;;Moenchengladbach;x;41236;DEU;;-;-;-;-;-;-;-;-;-;-;-;-;-;-;-;-;-;-;-;15C;16C;17B;18A;19B;20A;21A;22B;23C;24C;25C;26C;27B
481;f;28;2;Nordrhein-Westfalen;;;;;;;;Moenchengladbach;x;41236;DEU;;-;-;-;-;-;-;-;-;-;-;-;-;-;-;-;-;-;-;-;15A;16A;17B;18B;19A;20C;21B;22C;23B;24B;25B;26A;27C
482;m;18;3b;Baden-Wuerttemberg;;;;;;;;Kisslegg;-;88353;DEU;;-;-;-;-;-;-;-;-;-;-;-;-;-;-;-;-;-;-;-;15A;16B;17B;18B;19C;20B;21A;22B;23C;24B;25C;26B;27A
483;f;21;1;Hamburg;;;;;;;;Hamburg;x;21077;DEU;;-;-;-;-;-;-;-;-;-;-;-;-;-;-;-;-;-;-;-;15B;16C;17A;18B;19C;20B;21A;22C;23A;24A;25B;26C;27A
484;f;50;5;Berlin;;;;;;;;Berlin;x;12555;DEU;;-;-;-;-;-;-;-;-;-;-;-;-;-;-;-;-;-;-;-;none;none;none;none;none;none;none;none;none;none;none;none;none
485;m;23;4;Bayern;;;;;;;;Landshut;-;84030;DEU;;-;-;-;-;-;-;-;-;-;-;-;-;-;-;-;-;-;-;-;none;16A;17C;18B;19C;20A;21B;22A;23A;24B;25A;26C;27B
486;m;32;2;Nordrhein-Westfalen;;;;;;;;Moenchengladbach;x;41236;DEU;;-;-;-;-;-;-;-;-;-;-;-;-;-;-;-;-;-;-;-;15C;16C;17A;18C;19A;20A;21B;22C;23C;24B;25B;26A;27B
487;f;48;1;Hamburg;;;;;;;;Hamburg;x;21077;DEU;;-;-;-;-;-;-;-;-;-;-;-;-;-;-;-;-;-;-;-;15A;16B;17C;18B;19B;20B;21B;22B;23B;24B;25C;26B;27B
488;m;36;6;Mecklenburg-Vorpommern;;;;;;;;Greifswald;-;17491;DEU;;-;-;-;-;-;-;-;-;-;-;-;-;-;-;-;-;-;-;-;15C;16B;17B;18B;19B;20B;21C;22B;23C;24C;25C;26A;27B
489;f;40;;;;;;;;;;;-;6800;DEU;;-;-;-;-;-;-;-;-;-;-;-;-;-;-;-;-;-;-;-;none;none;none;18B;none;none;21A;22B;none;none;25A;26C;none
490;f;33;3a;Hessen;;;;;;;;Darmstadt;x;64285;DEU;;-;-;-;-;-;-;-;-;-;-;-;-;-;-;-;-;-;-;-;none;16B;none;18B;19C;20C;21B;22B;23C;24B;25C;26B;none
491;m;36;3a;Hessen;;;;;;;;Darmstadt;x;64285;DEU;;-;-;-;-;-;-;-;-;-;-;-;-;-;-;-;-;-;-;-;none;16B;none;18B;19C;20C;21A;22B;23C;24B;25A;26B;none
492;m;38;3b;Baden-Wuerttemberg;;;;;;;;Kisslegg;-;88353;DEU;;-;-;-;-;-;-;-;-;-;-;-;-;-;-;-;-;-;-;-;15C;16B;none;18A;19B;20B;none;22A;23B;none;25C;26C;27A
493;f;21;2;Nordrhein-Westfalen;;;;;;;;Moenchengladbach;x;41236;DEU;;-;-;-;-;-;-;-;-;-;-;-;-;-;-;-;-;-;-;-;15B;16B;17B;18B;19B;20B;21B;22A;23A;24B;25A;26B;27C
494;m;24;2;Nordrhein-Westfalen;;;;;;;;Moenchengladbach;x;41236;DEU;;-;-;-;-;-;-;-;-;-;-;-;-;-;-;-;-;-;-;-;15A;16B;none;18A;19C;20B;21A;22B;23C;24B;25B;26B;none
495;f;26;;;;;;;;;;;-;1589;DEU;;-;-;-;-;-;-;-;-;-;-;-;-;-;-;-;-;-;-;-;15C;none;17C;18B;19B;20C;21B;22A;23B;24B;25A;26C;27A
496;f;52;4;Bayern;;;;;;;;Landshut;-;84030;DEU;;-;-;-;-;-;-;-;-;-;-;-;-;-;-;-;-;-;-;-;15C;16B;17B;18B;19A;20C;21B;22C;23B;24B;25A;26B;27C
497;f;16;3a;Hessen;;;;;;;;Darmstadt;x;64285;DEU;;-;-;-;-;-;-;-;-;-;-;-;-;-;-;-;-;-;-;-;none;none;17B;18B;none;none;21A;22B;23C;24B;25A;26B;none
498;f;28;2;Nordrhein-Westfalen;;;;;;;;Moenchengladbach;x;41236;DEU;;-;-;-;-;-;-;-;-;-;-;-;-;-;-;-;-;-;-;-;none;none;17B;18B;none;none;21A;22B;23C;none;25A;none;none
499;f;28;1;Niedersachsen;;;;;;;;Oldenburg (Oldenburg);-;26123;DEU;;-;-;-;-;-;-;-;-;-;-;-;-;-;-;-;-;-;-;-;15C;16B;17C;18A;19B;20B;21A;22A;23B;none;25A;26C;27A
500;f;50;1;Niedersachsen;;;;;;;;Oldenburg (Oldenburg);-;26123;DEU;;-;-;-;-;-;-;-;-;-;-;-;-;-;-;-;-;-;-;-;none;none;none;none;none;none;none;none;none;none;none;none;none
501;f;18;6;Brandenburg;;;;;;;;Luebben (Spreewald);-;15907;DEU;;-;-;-;-;-;-;-;-;-;-;-;-;-;-;-;-;-;-;-;15C;16A;17C;18A;19A;20C;21B;22C;23C;24B;25A;26B;27C
502;m;31;5;Berlin;;;;;;;;Berlin;x;12555;DEU;;-;-;-;-;-;-;-;-;-;-;-;-;-;-;-;-;-;-;-;15C;16B;17C;none;19A;20B;21A;22B;23B;none;25C;26B;27C
503;m;22;2;Nordrhein-Westfalen;;;;;;;;Moenchengladbach;x;41236;DEU;;-;-;-;-;-;-;-;-;-;-;-;-;-;-;-;-;-;-;-;15A;16B;17B;18B;19C;20B;21A;none;23C;24B;25B;none;none
504;f;27;1;Hamburg;;;;;;;;Hamburg;x;21077;DEU;;-;-;-;-;-;-;-;-;-;-;-;-;-;-;-;-;-;-;-;15A;16B;17B;18B;19A;20C;21B;22C;23C;24B;25B;26B;27C
505;f;19;2;Nordrhein-Westfalen;;;;;;;;Moenchengladbach;x;41236;DEU;;-;-;-;-;-;-;-;-;-;-;-;-;-;-;-;-;-;-;-;15A;16B;none;18B;19C;20C;21B;none;none;24B;25B;none;none
506;f;49;2;Nordrhein-Westfalen;;;;;;;;Moenchengladbach;x;41236;DEU;;-;-;-;-;-;-;-;-;-;-;-;-;-;-;-;-;-;-;-;15A;16B;17B;18B;19C;20B;21C;22B;23C;24B;25C;26B;27A
507;f;39;3a;Rheinland-Pfalz;;;;;;;;Worms;-;67549;DEU;;-;-;-;-;-;-;-;-;-;-;-;-;-;-;-;-;-;-;-;15A;16B;17A;18C;19A;20C;21B;22C;23A;24B;25B;26B;27B
508;m;18;2;Nordrhein-Westfalen;;;;;;;;Moenchengladbach;x;41236;DEU;;-;-;-;-;-;-;-;-;-;-;-;-;-;-;-;-;-;-;-;15A;16B;17B;18C;19C;20C;21B;22C;23C;24B;25B;26A;27C
509;m;56;1;Hamburg;;;;;;;;Hamburg;x;21077;DEU;;-;-;-;-;-;-;-;-;-;-;-;-;-;-;-;-;-;-;-;15A;16B;none;18B;19A;20C;21A;22C;none;24B;25A;26B;none
510;f;53;2;Nordrhein-Westfalen;;;;;;;;Moenchengladbach;x;41236;DEU;;-;-;-;-;-;-;-;-;-;-;-;-;-;-;-;-;-;-;-;15A;16B;17B;18B;19A;20C;21A;22C;23C;24B;25B;26B;27C
511;m;23;2;Nordrhein-Westfalen;;;;;;;;Moenchengladbach;x;41236;DEU;;-;-;-;-;-;-;-;-;-;-;-;-;-;-;-;-;-;-;-;15A;16B;17B;18A;19A;20A;21B;22B;23C;24B;25C;26A;27C
512;f;24;3a;Rheinland-Pfalz;;;;;;;;Worms;-;67549;DEU;;-;-;-;-;-;-;-;-;-;-;-;-;-;-;-;-;-;-;-;15A;16B;none;none;19A;20C;21B;22C;none;24B;25C;26B;none
513;f;18;3a;Rheinland-Pfalz;;;;;;;;Worms;-;67549;DEU;;-;-;-;-;-;-;-;-;-;-;-;-;-;-;-;-;-;-;-;15B;16B;17B;18B;19C;20C;21A;22B;23B;24B;25A;26C;27A
514;m;44;5;Berlin;;;;;;;;Berlin;x;12555;DEU;;-;-;-;-;-;-;-;-;-;-;-;-;-;-;-;-;-;-;-;15B;16B;17B;18B;19C;20B;21C;22B;23C;24B;25A;26B;27B
515;f;21;4;Bayern;;;;;;;;Landshut;-;84030;DEU;;-;-;-;-;-;-;-;-;-;-;-;-;-;-;-;-;-;-;-;15B;16B;none;18A;19C;none;none;none;none;none;25B;none;27C
516;m;37;3b;Baden-Wuerttemberg;;;;;;;;Kisslegg;-;88353;DEU;;-;-;-;-;-;-;-;-;-;-;-;-;-;-;-;-;-;-;-;15A;16B;17B;18B;19C;20B;21B;22C;23C;24B;25B;26B;27C
517;f;25;4;Bayern;;;;;;;;Landshut;-;84030;DEU;;-;-;-;-;-;-;-;-;-;-;-;-;-;-;-;-;-;-;-;15C;16A;17C;18B;19B;20B;21A;22A;23C;24A;25A;26C;27B
518;m;40;6;Brandenburg;;;;;;;;Luebben (Spreewald);-;15907;DEU;;-;-;-;-;-;-;-;-;-;-;-;-;-;-;-;-;-;-;-;15B;16A;none;18B;19C;20B;21C;22C;23B;24C;25B;26C;27C
519;m;22;3b;Baden-Wuerttemberg;;;;;;;;Kisslegg;-;88353;DEU;;-;-;-;-;-;-;-;-;-;-;-;-;-;-;-;-;-;-;-;15A;16B;17B;18B;19A;20C;21A;22B;23C;24B;25A;26B;27C
520;m;51;3a;Rheinland-Pfalz;;;;;;;;Worms;-;67549;DEU;;-;-;-;-;-;-;-;-;-;-;-;-;-;-;-;-;-;-;-;15A;16B;17B;18B;19A;20C;21A;22B;23C;24B;25A;26B;none
521;f;29;2;Nordrhein-Westfalen;;;;;;;;Moenchengladbach;x;41236;DEU;;-;-;-;-;-;-;-;-;-;-;-;-;-;-;-;-;-;-;-;15A;16B;17B;18B;19C;20C;21B;22B;23C;24C;25C;26C;27C
522;m;35;3a;Hessen;;;;;;;;Darmstadt;x;64285;DEU;;-;-;-;-;-;-;-;-;-;-;-;-;-;-;-;-;-;-;-;15B;16B;none;18C;19A;20C;21B;22C;none;24B;25B;26B;27C
523;m;23;2;Nordrhein-Westfalen;;;;;;;;Moenchengladbach;x;41236;DEU;;-;-;-;-;-;-;-;-;-;-;-;-;-;-;-;-;-;-;-;15A;16B;17A;18B;19A;20A;21B;22C;23B;24B;25B;26B;27C
524;f;22;3b;Baden-Wuerttemberg;;;;;;;;Kisslegg;-;88353;DEU;;-;-;-;-;-;-;-;-;-;-;-;-;-;-;-;-;-;-;-;15A;16C;17B;18C;19A;20A;21B;22C;23C;24B;25C;none;27C
525;f;53;3a;Hessen;;;;;;;;Darmstadt;x;64285;DEU;;-;-;-;-;-;-;-;-;-;-;-;-;-;-;-;-;-;-;-;15A;16B;17B;18A;19C;20C;21A;22B;23C;24B;25A;26B;none
526;f;20;3a;Rheinland-Pfalz;;;;;;;;Worms;-;67549;DEU;;-;-;-;-;-;-;-;-;-;-;-;-;-;-;-;-;-;-;-;15A;16B;17B;18B;19C;20C;21B;22B;23C;24B;25A;26B;27C
527;f;19;;;;;;;;;;;-;1589;DEU;;-;-;-;-;-;-;-;-;-;-;-;-;-;-;-;-;-;-;-;15B;16B;17B;18A;19A;20C;21C;22B;23C;24B;25C;26B;27C
528;m;38;5;Berlin;;;;;;;;Berlin;x;12555;DEU;;-;-;-;-;-;-;-;-;-;-;-;-;-;-;-;-;-;-;-;15A;16B;none;none;19C;none;21B;none;none;none;none;none;none
529;f;58;;;;;;;;;;;-;6800;DEU;;-;-;-;-;-;-;-;-;-;-;-;-;-;-;-;-;-;-;-;15A;16B;17C;18A;19C;none;none;none;23B;none;25C;none;none
530;f;25;;;;;;;;;;;-;1589;DEU;;-;-;-;-;-;-;-;-;-;-;-;-;-;-;-;-;-;-;-;none;none;none;none;none;none;21C;none;none;none;none;none;none
531;m;29;;;;;;;;;;;-;6800;DEU;;-;-;-;-;-;-;-;-;-;-;-;-;-;-;-;-;-;-;-;15B;16B;17C;18C;19B;20C;21B;22B;23B;24B;25A;26B;27C
532;m;43;1;Niedersachsen;;;;;;;;Oldenburg (Oldenburg);-;26123;DEU;;-;-;-;-;-;-;-;-;-;-;-;-;-;-;-;-;-;-;-;15C;16B;none;18B;19C;20B;21C;22A;23B;24A;25B;26A;27C
533;f;17;2;Nordrhein-Westfalen;;;;;;;;Moenchengladbach;x;41236;DEU;;-;-;-;-;-;-;-;-;-;-;-;-;-;-;-;-;-;-;-;15A;16B;none;18A;19C;20B;none;none;none;none;25C;none;none
534;f;31;2;Nordrhein-Westfalen;;;;;;;;Moenchengladbach;x;41236;DEU;;-;-;-;-;-;-;-;-;-;-;-;-;-;-;-;-;-;-;-;15B;16B;17B;18B;19A;20C;21B;22C;23C;24B;25B;26B;27C
535;f;34;3a;Rheinland-Pfalz;;;;;;;;Worms;-;67549;DEU;;-;-;-;-;-;-;-;-;-;-;-;-;-;-;-;-;-;-;-;15C;16C;17C;18B;19B;20B;21A;22B;23B;24A;25A;26C;27B
536;m;21;4;Bayern;;;;;;;;Landshut;-;84030;DEU;;-;-;-;-;-;-;-;-;-;-;-;-;-;-;-;-;-;-;-;15B;16B;none;none;19C;20B;21C;none;none;none;25B;none;none
537;f;17;2;Nordrhein-Westfalen;;;;;;;;Moenchengladbach;x;41236;DEU;;-;-;-;-;-;-;-;-;-;-;-;-;-;-;-;-;-;-;-;15A;16B;none;none;19C;20C;21B;22C;none;24B;25B;26B;none
538;f;19;;;;;;;;;;;-;1589;DEU;;-;-;-;-;-;-;-;-;-;-;-;-;-;-;-;-;-;-;-;15A;16B;17B;18B;19C;20C;21A;22B;23C;24B;25B;26B;27A
539;m;40;3a;Hessen;;;;;;;;Darmstadt;x;64285;DEU;;-;-;-;-;-;-;-;-;-;-;-;-;-;-;-;-;-;-;-;15A;16B;none;18A;19C;20B;none;none;none;none;25B;none;none
540;m;35;2;Nordrhein-Westfalen;;;;;;;;Moenchengladbach;x;41236;DEU;;-;-;-;-;-;-;-;-;-;-;-;-;-;-;-;-;-;-;-;15A;16B;17A;18C;19A;20C;21B;22A;23A;24B;25B;26A;27C
541;m;38;7;Thueringen;;;;;;;;Dornheim;-;99310;DEU;;-;-;-;-;-;-;-;-;-;-;-;-;-;-;-;-;-;-;-;15C;16B;17B;18A;19C;20B;21C;22B;23C;24C;25A;26C;27A
542;f;18;2;Nordrhein-Westfalen;;;;;;;;Moenchengladbach;x;41236;DEU;;-;-;-;-;-;-;-;-;-;-;-;-;-;-;-;-;-;-;-;15C;16A;17B;18B;19A;20C;21B;22B;23C;24B;25A;26B;27B
543;m;24;1;Hamburg;;;;;;;;Hamburg;x;21077;DEU;;-;-;-;-;-;-;-;-;-;-;-;-;-;-;-;-;-;-;-;15A;16B;17B;18B;19A;20C;21B;22B;23C;24B;25A;26B;27B
544;m;35;2;Nordrhein-Westfalen;;;;;;;;Moenchengladbach;x;41236;DEU;;-;-;-;-;-;-;-;-;-;-;-;-;-;-;-;-;-;-;-;15C;16B;17B;18B;19C;20C;21A;22A;23C;24B;25B;26A;27C
545;m;35;;;;;;;;;;;-;1589;DEU;;-;-;-;-;-;-;-;-;-;-;-;-;-;-;-;-;-;-;-;15C;16A;17A;18B;19C;20C;21B;22B;23A;24A;25B;26B;27C
546;f;18;;;;;;;;;;;-;6800;DEU;;-;-;-;-;-;-;-;-;-;-;-;-;-;-;-;-;-;-;-;15A;16B;17B;18A;19A;20C;21B;22B;23B;24B;25B;26B;27C
547;f;19;2;Nordrhein-Westfalen;;;;;;;;Moenchengladbach;x;41236;DEU;;-;-;-;-;-;-;-;-;-;-;-;-;-;-;-;-;-;-;-;15A;16B;17B;18A;19C;20B;21B;22A;23C;24B;25C;26B;27C
548;f;28;4;Bayern;;;;;;;;Landshut;-;84030;DEU;;-;-;-;-;-;-;-;-;-;-;-;-;-;-;-;-;-;-;-;15A;16B;17B;18B;19A;20C;21B;22B;23C;24B;25A;26B;27C
549;f;27;3b;Baden-Wuerttemberg;;;;;;;;Kisslegg;-;88353;DEU;;-;-;-;-;-;-;-;-;-;-;-;-;-;-;-;-;-;-;-;15C;16B;17B;18A;19A;20C;21A;22B;23C;24C;25C;26A;27B
550;f;43;3a;Rheinland-Pfalz;;;;;;;;Worms;-;67549;DEU;;-;-;-;-;-;-;-;-;-;-;-;-;-;-;-;-;-;-;-;15A;16B;17B;18B;19A;20C;21A;22C;none;24B;25B;none;none
551;m;25;6;Mecklenburg-Vorpommern;;;;;;;;Greifswald;-;17491;DEU;;-;-;-;-;-;-;-;-;-;-;-;-;-;-;-;-;-;-;-;15C;16A;17A;18B;19B;20A;21A;22B;23C;24A;25A;26A;27B
552;m;35;3a;Hessen;;;;;;;;Darmstadt;x;64285;DEU;;-;-;-;-;-;-;-;-;-;-;-;-;-;-;-;-;-;-;-;none;none;none;none;none;none;none;none;none;none;none;none;none
553;f;19;3b;Baden-Wuerttemberg;;;;;;;;Kisslegg;-;88353;DEU;;-;-;-;-;-;-;-;-;-;-;-;-;-;-;-;-;-;-;-;15C;16A;17A;18A;19C;20C;21A;22C;23B;none;25B;26A;27B
554;f;30;;;;;;;;;;;-;6800;DEU;;-;-;-;-;-;-;-;-;-;-;-;-;-;-;-;-;-;-;-;15C;none;17B;18B;19A;20C;21B;22C;23C;24B;25A;26C;27C
555;f;24;1;Niedersachsen;;;;;;;;Oldenburg (Oldenburg);-;26123;DEU;;-;-;-;-;-;-;-;-;-;-;-;-;-;-;-;-;-;-;-;15A;16B;17B;18A;19C;20C;21B;22C;23C;24B;25C;26B;27C
556;m;60;2;Nordrhein-Westfalen;;;;;;;;Moenchengladbach;x;41236;DEU;;-;-;-;-;-;-;-;-;-;-;-;-;-;-;-;-;-;-;-;none;none;none;none;none;none;none;none;none;none;none;none;none
557;f;23;1;Niedersachsen;;;;;;;;Oldenburg (Oldenburg);-;26123;DEU;;-;-;-;-;-;-;-;-;-;-;-;-;-;-;-;-;-;-;-;15A;16B;none;18A;19A;20B;21C;22B;23C;24B;25C;26A;27B
558;m;66;1;Hamburg;;;;;;;;Hamburg;x;21077;DEU;;-;-;-;-;-;-;-;-;-;-;-;-;-;-;-;-;-;-;-;15A;16B;17C;18A;19B;20B;21A;22B;23C;24B;25C;26B;27C
559;m;20;2;Nordrhein-Westfalen;;;;;;;;Moenchengladbach;x;41236;DEU;;-;-;-;-;-;-;-;-;-;-;-;-;-;-;-;-;-;-;-;15B;16B;17B;18B;19C;20C;21C;22C;23C;24B;25B;26B;27A
560;f;37;1;Schleswig-Holstein;;;;;;;;Worth;-;21502;DEU;;-;-;-;-;-;-;-;-;-;-;-;-;-;-;-;-;-;-;-;15A;16B;17C;18B;19C;20B;21A;22A;23B;24B;25B;26C;27C
561;f;26;3a;Rheinland-Pfalz;;;;;;;;Worms;-;67549;DEU;;-;-;-;-;-;-;-;-;-;-;-;-;-;-;-;-;-;-;-;none;none;none;18B;19A;20C;21A;22B;23C;24B;25A;26B;none
562;f;17;3a;Rheinland-Pfalz;;;;;;;;Worms;-;67549;DEU;;-;-;-;-;-;-;-;-;-;-;-;-;-;-;-;-;-;-;-;15A;16B;none;18C;19C;20B;21A;22A;23B;24C;25B;26A;none
563;f;17;2;Nordrhein-Westfalen;;;;;;;;Moenchengladbach;x;41236;DEU;;-;-;-;-;-;-;-;-;-;-;-;-;-;-;-;-;-;-;-;15A;16B;17B;18A;19A;20A;21B;22C;23C;24B;25C;26A;27C
564;f;17;6;Mecklenburg-Vorpommern;;;;;;;;Greifswald;-;17491;DEU;;-;-;-;-;-;-;-;-;-;-;-;-;-;-;-;-;-;-;-;15A;16B;17B;18B;none;20C;21B;22C;23C;24B;25A;26A;none
565;m;18;3b;Baden-Wuerttemberg;;;;;;;;Kisslegg;-;88353;DEU;;-;-;-;-;-;-;-;-;-;-;-;-;-;-;-;-;-;-;-;15A;16B;17B;18B;19A;20C;21B;22C;23C;24B;25B;26B;27C
566;m;31;3a;Hessen;;;;;;;;Darmstadt;x;64285;DEU;;-;-;-;-;-;-;-;-;-;-;-;-;-;-;-;-;-;-;-;15B;16B;17C;18B;19B;20B;21A;22A;23B;24C;25C;26C;27A
567;m;42;3a;Rheinland-Pfalz;;;;;;;;Worms;-;67549;DEU;;-;-;-;-;-;-;-;-;-;-;-;-;-;-;-;-;-;-;-;none;none;17B;18B;none;none;21A;22B;23C;none;25A;none;none
568;f;18;2;Nordrhein-Westfalen;;;;;;;;Moenchengladbach;x;41236;DEU;;-;-;-;-;-;-;-;-;-;-;-;-;-;-;-;-;-;-;-;none;none;none;18B;19B;none;21A;none;23C;24B;none;none;none
569;f;40;1;Schleswig-Holstein;;;;;;;;Worth;-;21502;DEU;;-;-;-;-;-;-;-;-;-;-;-;-;-;-;-;-;-;-;-;15B;16B;17B;18B;19A;20C;21B;22B;23C;24C;25B;26B;27A
570;f;39;2;Nordrhein-Westfalen;;;;;;;;Moenchengladbach;x;41236;DEU;;-;-;-;-;-;-;-;-;-;-;-;-;-;-;-;-;-;-;-;none;16C;17A;18B;19A;20A;21C;22B;23A;24C;none;26A;27B
571;m;20;1;Niedersachsen;;;;;;;;Oldenburg (Oldenburg);-;26123;DEU;;-;-;-;-;-;-;-;-;-;-;-;-;-;-;-;-;-;-;-;15A;16B;17B;18A;19A;20B;21C;22B;23C;24B;25B;26B;none
572;f;63;4;Bayern;;;;;;;;Landshut;-;84030;DEU;;-;-;-;-;-;-;-;-;-;-;-;-;-;-;-;-;-;-;-;15A;16B;17B;18A;19C;20B;21A;22B;23C;none;25C;none;none
573;f;21;1;Niedersachsen;;;;;;;;Oldenburg (Oldenburg);-;26123;DEU;;-;-;-;-;-;-;-;-;-;-;-;-;-;-;-;-;-;-;-;none;none;17B;none;none;20C;21A;22B;23C;none;25C;none;none
574;m;23;2;Nordrhein-Westfalen;;;;;;;;Moenchengladbach;x;41236;DEU;;-;-;-;-;-;-;-;-;-;-;-;-;-;-;-;-;-;-;-;15B;16B;17B;18B;19A;20C;21B;22C;23C;24B;25B;26B;27C
575;m;24;3a;Hessen;;;;;;;;Darmstadt;x;64285;DEU;;-;-;-;-;-;-;-;-;-;-;-;-;-;-;-;-;-;-;-;15C;16C;17A;18C;19B;20C;21A;none;23B;24B;25C;26B;27C
576;f;30;3a;Hessen;;;;;;;;Darmstadt;x;64285;DEU;;-;-;-;-;-;-;-;-;-;-;-;-;-;-;-;-;-;-;-;15A;16C;17B;18C;19C;20C;21A;22B;23C;24C;25C;26A;27B
577;f;30;2;Nordrhein-Westfalen;;;;;;;;Moenchengladbach;x;41236;DEU;;-;-;-;-;-;-;-;-;-;-;-;-;-;-;-;-;-;-;-;15A;16B;17A;18C;19C;20B;21B;22A;23B;24A;25C;26B;27C
578;m;24;3a;Hessen;;;;;;;;Darmstadt;x;64285;DEU;;-;-;-;-;-;-;-;-;-;-;-;-;-;-;-;-;-;-;-;15A;16B;17B;18A;19C;20B;21A;22B;23C;24B;25A;26B;27C
579;f;23;2;Nordrhein-Westfalen;;;;;;;;Moenchengladbach;x;41236;DEU;;-;-;-;-;-;-;-;-;-;-;-;-;-;-;-;-;-;-;-;15C;16A;17C;18A;19C;20A;21C;22A;23A;none;25C;26C;27B
580;f;20;;;;;;;;;;;-;1589;DEU;;-;-;-;-;-;-;-;-;-;-;-;-;-;-;-;-;-;-;-;15A;16B;17B;18A;19A;20C;21A;22B;23C;24B;25B;26B;27A
581;f;24;2;Nordrhein-Westfalen;;;;;;;;Moenchengladbach;x;41236;DEU;;-;-;-;-;-;-;-;-;-;-;-;-;-;-;-;-;-;-;-;15B;16B;17B;18A;19C;20B;21B;22C;23C;24B;25B;26B;27C
582;f;25;3b;Baden-Wuerttemberg;;;;;;;;Kisslegg;-;88353;DEU;;-;-;-;-;-;-;-;-;-;-;-;-;-;-;-;-;-;-;-;15A;16C;17B;18B;none;20C;21A;22A;23C;24A;25C;26A;27C
583;f;40;2;Nordrhein-Westfalen;;;;;;;;Moenchengladbach;x;41236;DEU;;-;-;-;-;-;-;-;-;-;-;-;-;-;-;-;-;-;-;-;none;16B;17B;none;19A;none;21A;22B;23C;24B;none;26B;none
584;m;32;5;Berlin;;;;;;;;Berlin;x;12555;DEU;;-;-;-;-;-;-;-;-;-;-;-;-;-;-;-;-;-;-;-;15C;16A;17C;18B;19B;20B;21B;22A;23C;24A;25A;26C;27A
585;f;17;2;Nordrhein-Westfalen;;;;;;;;Moenchengladbach;x;41236;DEU;;-;-;-;-;-;-;-;-;-;-;-;-;-;-;-;-;-;-;-;15A;16B;none;18B;19A;20C;21B;22C;none;24B;25B;26B;none
586;m;41;7;Thueringen;;;;;;;;Dornheim;-;99310;DEU;;-;-;-;-;-;-;-;-;-;-;-;-;-;-;-;-;-;-;-;15C;16B;17B;18B;none;20B;21A;22B;23B;24B;25C;26C;27A
587;f;22;2;Nordrhein-Westfalen;;;;;;;;Moenchengladbach;x;41236;DEU;;-;-;-;-;-;-;-;-;-;-;-;-;-;-;-;-;-;-;-;15A;16B;none;18A;19C;none;21B;none;none;24B;25C;26B;none
588;f;30;5;Berlin;;;;;;;;Berlin;x;12555;DEU;;-;-;-;-;-;-;-;-;-;-;-;-;-;-;-;-;-;-;-;15A;none;17B;none;19A;20C;21B;22C;23C;24B;25C;26B;none
589;f;18;3b;Baden-Wuerttemberg;;;;;;;;Kisslegg;-;88353;DEU;;-;-;-;-;-;-;-;-;-;-;-;-;-;-;-;-;-;-;-;15B;16B;17B;18C;19A;20C;21B;22C;23B;24B;25B;26B;27C
590;f;23;1;Niedersachsen;;;;;;;;Oldenburg (Oldenburg);-;26123;DEU;;-;-;-;-;-;-;-;-;-;-;-;-;-;-;-;-;-;-;-;15B;16A;17A;18A;19C;20C;21B;22C;23B;24B;25B;26C;27B
591;f;27;2;Nordrhein-Westfalen;;;;;;;;Moenchengladbach;x;41236;DEU;;-;-;-;-;-;-;-;-;-;-;-;-;-;-;-;-;-;-;-;15C;none;17B;18B;19B;none;21A;22B;23C;none;25A;26C;27A
592;f;36;1;Niedersachsen;;;;;;;;Oldenburg (Oldenburg);-;26123;DEU;;-;-;-;-;-;-;-;-;-;-;-;-;-;-;-;-;-;-;-;15A;16B;17B;18A;19C;20C;21A;22B;23C;24C;25A;26A;none
593;f;16;1;Niedersachsen;;;;;;;;Oldenburg (Oldenburg);-;26123;DEU;;-;-;-;-;-;-;-;-;-;-;-;-;-;-;-;-;-;-;-;15A;16B;none;none;19C;20B;none;none;none;none;25B;none;none
594;f;30;5;Berlin;;;;;;;;Berlin;x;12555;DEU;;-;-;-;-;-;-;-;-;-;-;-;-;-;-;-;-;-;-;-;15A;16B;17B;18A;19A;20C;21A;22C;23C;24B;25C;26B;27C
595;f;18;3a;Rheinland-Pfalz;;;;;;;;Worms;-;67549;DEU;;-;-;-;-;-;-;-;-;-;-;-;-;-;-;-;-;-;-;-;15A;16B;17B;18B;19C;20B;21A;22C;23C;24B;25B;26B;27C
596;f;23;2;Nordrhein-Westfalen;;;;;;;;Moenchengladbach;x;41236;DEU;;-;-;-;-;-;-;-;-;-;-;-;-;-;-;-;-;-;-;-;15A;16B;none;18A;19C;20B;none;none;none;none;25C;none;none
597;f;59;1;Schleswig-Holstein;;;;;;;;Worth;-;21502;DEU;;-;-;-;-;-;-;-;-;-;-;-;-;-;-;-;-;-;-;-;none;none;none;none;none;none;none;none;none;none;none;none;none
598;f;42;3b;Baden-Wuerttemberg;;;;;;;;Kisslegg;-;88353;DEU;;-;-;-;-;-;-;-;-;-;-;-;-;-;-;-;-;-;-;-;15A;16B;17B;18B;19A;20C;21A;22C;23C;24B;25A;26B;27C
599;f;19;3a;Hessen;;;;;;;;Darmstadt;x;64285;DEU;;-;-;-;-;-;-;-;-;-;-;-;-;-;-;-;-;-;-;-;15C;none;none;18B;19A;20C;21C;22C;23B;24B;25A;26B;none
600;f;21;1;Niedersachsen;;;;;;;;Oldenburg (Oldenburg);-;26123;DEU;;-;-;-;-;-;-;-;-;-;-;-;-;-;-;-;-;-;-;-;15A;16B;17B;18A;19C;20B;21B;22B;23C;24B;25C;26B;27A
601;f;25;2;Nordrhein-Westfalen;;;;;;;;Moenchengladbach;x;41236;DEU;;-;-;-;-;-;-;-;-;-;-;-;-;-;-;-;-;-;-;-;15B;16B;17B;18B;19C;20C;21B;22B;23C;24B;25B;26B;27B
602;m;17;4;Bayern;;;;;;;;Landshut;-;84030;DEU;;-;-;-;-;-;-;-;-;-;-;-;-;-;-;-;-;-;-;-;15A;none;17B;none;19A;20C;21C;22C;23C;24B;25A;26B;none